Date,Unnamed: 1,Unnamed: 2,Unnamed: 3,Unnamed: 4,Unnamed: 5
2023-01-03,0.024146534980988954,0.028944328473898384,0.03083790060497904,0.03055507798657775,0.1525748840065502
2023-01-04,0.015546337504516616,0.025617331985904768,0.020305796598904524,0.03698770005663843,0.20991999863537114
2023-01-05,0.0,0.0,0.008762824403397484,0.012611505485581098,0.14458498225982533
2023-01-06,0.009426940591595545,0.0009979625289527894,0.0,0.006855831810463786,0.26558576692139735
2023-01-09,0.01505013931059429,0.020626940857347065,0.02527697031752063,0.020144346842838723,0.16001808133187773
2023-01-10,0.018357873395329127,0.009148926521057255,0.008172884891920917,0.0,0.17250358215065503
2023-01-11,0.04399293948939831,0.03351879235219024,0.034966474093332645,0.027084826093972447,0.14174996588427946
2023-01-12,0.04076790510365058,0.03576452919692297,0.041201452709922814,0.04655208995780791,0.1707150655021834
2023-01-13,0.04895466755387434,0.038426117042051455,0.04440321373328138,0.041219760454867305,0.13720575191048034
2023-01-17,0.04209110028744323,0.03892516637769161,0.043729238772746815,0.05146123368339339,0.1907094364082969
2023-01-18,0.04068526887335022,0.04349968151990957,0.04870028784627167,0.05213831517184864,0.16098014465065502
2023-01-19,0.05664516834148903,0.0502367228226418,0.04861601956360884,0.04011944318474403,0.22821967112445413
2023-01-20,0.0977438722410876,0.08924509567119121,0.08560458760184586,0.07719175350590457,0.45159832150655016
2023-01-23,0.11238076693149401,0.10371733971373498,0.10650029487141777,0.10131423662888173,0.253846547489083
2023-01-24,0.0950977357482492,0.10014086836890035,0.10397256704936242,0.10258384388257613,0.1947700600436681
2023-01-25,0.07458967017925666,0.07144597262478636,0.0749883206706945,0.08116985339582383,0.273675457150655
2023-01-26,0.09360920463516897,0.08317341992533789,0.08863784543965203,0.08904139885564077,0.16948604667030565
2023-01-27,0.1089075699800981,0.10604611207795434,0.10489932588442619,0.09589720006375357,0.20160429175764188
2023-01-30,0.08881306637472763,0.08916197497437661,0.09723209502184171,0.09733620852926494,0.14485620223799126
2023-01-31,0.10452480327721836,0.09406915942719007,0.10077082965963347,0.09217313406681749,0.16741095796943228
2023-02-01,0.11767316685454465,0.11328231372411057,0.10717436794248703,0.10774690814388554,0.2156881140829694
2023-02-02,0.17812220400600387,0.16867578325177335,0.17483226230693238,0.16775670762482464,0.5086798921943232
2023-02-03,0.1536448702290668,0.1683430853405281,0.14930255820940586,0.14346498059129875,0.4696643013100436
2023-02-06,0.1380985327245503,0.1396483088011914,0.14340462717405666,0.1389791286548273,0.18556819732532748
2023-02-07,0.1772952704848202,0.1714205157680906,0.15385240441398906,0.14591953879108,0.33065041621179037
2023-02-08,0.1089075699800981,0.12950104187390532,0.11105007816737356,0.136016650954505,0.7207065365720524
2023-02-09,0.07285310343790208,0.10363407800946112,0.07389293914576467,0.11866541161512167,0.9314691935043666
2023-02-10,0.06921450708853205,0.0763531203026373,0.07911681212818,0.08015408922532741,0.38157239355895195
2023-02-13,0.06954530588448027,0.06346121677548866,0.07566228175384193,0.07414466741053172,0.3397414028384279
2023-02-14,0.07012426724607657,0.06055026502760852,0.062349912230809545,0.07152095530845437,0.3794009279475982
2023-02-15,0.08881306637472763,0.0794306875732117,0.07827438227972261,0.07202877164340948,0.3405337404475982
2023-02-16,0.07698777104382071,0.08408829410126129,0.08324539590705982,0.07947705183515663,0.2748063932860262
2023-02-17,0.06739524064819047,0.06645545757267579,0.07035413531962553,0.07507570261753682,0.20505253820960695
2023-02-21,0.04622576789336186,0.04599488376403105,0.057800039451033514,0.059417403888654574,0.1994677947598253
2023-02-22,0.04506803557623007,0.03776069718804809,0.04844753759742204,0.04841413935608008,0.17605332287117903
2023-02-23,0.03878330273402153,0.036346771369563324,0.04128575694003889,0.05027624083239757,0.2640923512554585
2023-02-24,0.024229234679976064,0.019296221431853056,0.0313435353394822,0.029285580954843238,0.224677606441048
2023-02-27,0.030348568124210273,0.02154189297359055,0.03774693385412897,0.032925058024929066,0.14721103984716155
2023-02-28,0.03191973546759064,0.030441487285895907,0.03757847871328657,0.028354514663984864,0.1697248567139738
2023-03-01,0.034400536031141904,0.028777941337192026,0.040527406145160816,0.033856096644025335,0.17799109579694322
2023-03-02,0.04796233463471644,0.039174663070353666,0.03985336959739849,0.031147647123032973,0.1873149222161572
2023-03-03,0.06160676946859134,0.05123481752688697,0.06395068901567824,0.05501610795399048,0.2125238810043668
2023-03-06,0.073845372888373,0.06986563423700565,0.07701043750060932,0.0680505917253107,0.191024153930131
2023-03-07,0.06334333620994581,0.06737044359562805,0.07305041197659146,0.07617613813603474,0.15005287936681222
2023-03-08,0.06656837059569376,0.06978246675642696,0.07701046112310894,0.06889706807210572,0.2035105076419214
2023-03-09,0.050608471127554955,0.06620599602090138,0.059316603464188766,0.06830458315518606,0.1583941730349345
2023-03-10,0.03663323749773184,0.043416497460336934,0.046678157073157145,0.052392232438362885,0.2191841225436681
2023-03-13,0.04060256917436322,0.04158667455216869,0.038420996729897294,0.03478708135870889,0.2310785685043668
2023-03-14,0.06425290596142963,0.05647466547067315,0.0638664182024058,0.05569311869094817,0.22011548171397377
2023-03-15,0.08194949910829674,0.07785039887177192,0.06555166032079873,0.061279535150748576,0.3443981986899563
2023-03-16,0.11676347016568689,0.11328225233550737,0.08964894153110614,0.08650216507641273,0.4712225368449781
2023-03-17,0.12751366940976216,0.1270058210237589,0.12840690514081254,0.12086607645978964,0.4331536572052402
2023-03-20,0.12420599879371419,0.11794003011115839,0.12646913354558553,0.11968121272053867,0.19376279339519648
2023-03-21,0.15480260254619882,0.14580309397614133,0.13784369434495025,0.1292454666584092,0.27180165120087335
2023-03-22,0.14198503776482074,0.1581958549285981,0.15562174561883968,0.15480667203152965,0.2830351050764192
2023-03-23,0.16042580126519757,0.15578397732305893,0.16514280401316261,0.16149334608652,0.26060743040393014
2023-03-24,0.1591027330187783,0.14904687733055888,0.15991887661575965,0.1609008666952454,0.17186817685589517
2023-03-27,0.13445999984386692,0.14297527476566352,0.143825947401791,0.15776925405318687,0.178073826419214
2023-03-28,0.12263476798164696,0.12376212162585798,0.12537372814611947,0.13931768358207208,0.18606543395196506
2023-03-29,0.12561170327043358,0.12409477826958093,0.13304105569007507,0.1379633651955614,0.15810504230349345
2023-03-30,0.12147703566451495,0.11303276736793344,0.12571073663958698,0.1263677328526911,0.19483573280567684
2023-03-31,0.1449620999909812,0.1357391144057285,0.13632708385430659,0.12966870208939119,0.22705120769650655
2023-04-03,0.15017173674635775,0.14106216861152232,0.14382586138333153,0.1388943957871922,0.12617102210698689
2023-04-04,0.1531486720351446,0.14979536886414502,0.16160394217114016,0.15531454986823967,0.1209231713973799
2023-04-05,0.15108149690390227,0.15412053545457371,0.15840238861096345,0.16758751135831018,0.1539335425764192
2023-04-06,0.18374540272500273,0.17965470810198603,0.16404746311764573,0.16318615690970217,0.32810282478165936
2023-04-10,0.16737206823061557,0.16651326581248693,0.17070372379408982,0.17774425351363,0.14350180813318777
2023-04-11,0.15835843572789476,0.1593604189628609,0.16699643493805139,0.1741047447126498,0.13705734852620086
2023-04-12,0.1524871379119347,0.15952668664195335,0.16413162963995476,0.17435860240488577,0.1204984306768559
2023-04-13,0.17555876721215258,0.1656815804768157,0.17677017462780265,0.16809526033463384,0.12453517330786026
2023-04-14,0.1874666353046729,0.17774172909993624,0.1851957742901741,0.17698244613233982,0.13932774972707423
2023-04-17,0.16348543625297118,0.1546194965827603,0.16564826613585448,0.15810773708107195,0.23308798444323142
2023-04-18,0.1513294055948029,0.15778002459235085,0.1618567071126561,0.17359678177287108,0.1394846820414847
2023-04-19,0.1486832691019645,0.1448050374510551,0.1534311188367945,0.1489666101949284,0.09094909934497816
2023-04-20,0.1578623010026592,0.15536806951906978,0.160171686714068,0.15175977144978137,0.14992750409388644
2023-04-21,0.15885469739050406,0.15328878080382735,0.16783904412871575,0.16496365628077903,0.13269309497816592
2023-04-24,0.16348543625297118,0.1585285987413284,0.16716488561179987,0.16513281590891515,0.11344074099344978
2023-04-25,0.14595436944145213,0.159027711151567,0.15991884966686254,0.16801064112871167,0.31064069323144106
2023-04-26,0.14479663712432,0.15619975251134588,0.14972379592069585,0.16030833526186117,0.36764379776200873
2023-04-27,0.17688183545857172,0.17300089259821094,0.15739121947386037,0.15633029279554256,0.3398531318231441
2023-04-28,0.17481440645258217,0.1645170713859334,0.17045085303794272,0.17825202506423077,0.22087967385371177
2023-05-01,0.17365673760413713,0.1698402102626848,0.1850272933075392,0.17655922356498066,0.14021219978165939
2023-05-02,0.15811033663093366,0.1632694926236944,0.158823516274604,0.17909845039105166,0.17701879776200874
2023-05-03,0.15885469739050406,0.16568161886476374,0.1693556637612148,0.16547147624056258,0.09853728848253274
2023-05-04,0.152900699875557,0.14996178834441554,0.16101424941869857,0.16513286882974354,0.11238912390829695
2023-05-05,0.16017770216823635,0.15229061279083578,0.16219381125456278,0.1594619733193534,0.13972946233624453
2023-05-08,0.1783703031029652,0.16959072526242702,0.17104077356811098,0.16250902640662368,0.13875972298034933
2023-05-09,0.174897233088943,0.1878058006240655,0.18814488498164605,0.18967854370671622,0.22275859716157204
2023-05-10,0.2112824349584005,0.21101116513094165,0.19437979249435544,0.18612361890304152,0.45127678084061135
2023-05-11,0.2511407703105669,0.2524315008183574,0.24897798856615494,0.2490111711870825,0.5855784320414847
2023-05-12,0.2589140342658556,0.25334644792303984,0.263301600001664,0.2598451264460616,0.2629614151200873
2023-05-15,0.25064463558533145,0.2570892687139914,0.26245902230801577,0.25502061776459484,0.22196284798034932
2023-05-16,0.27545276815821673,0.2759696429301709,0.2659977923856528,0.2582369309300573,0.29675133051310043
2023-05-17,0.28645100303056636,0.28362160812932025,0.2867248988835609,0.2846446806400226,0.19686050081877726
2023-05-18,0.3029071006926275,0.297262059757163,0.30307067885376493,0.29598642169471645,0.2131558747270742
2023-05-19,0.30232820279971817,0.319386201534296,0.314192488983408,0.3179928530763739,0.26514908569868995
2023-05-22,0.3212651010253301,0.32321220244488724,0.31916361743759203,0.3128298285669645,0.2133162186135371
2023-05-23,0.3006743357573506,0.30824096346568075,0.31469805353443303,0.3231559510719574,0.20302435862445412
2023-05-24,0.28694713775580183,0.28561774677418217,0.29489771807209797,0.29742528106510646,0.20418685180131002
2023-05-25,0.30828213684597816,0.31397988490153284,0.3125915701906494,0.32620286243551744,0.27356458105895193
2023-05-26,0.31762650467596043,0.3134808632389753,0.3167201193996616,0.31477646210680243,0.21658194596069869
2023-05-30,0.30985330418935864,0.3168078475117301,0.31292863341017285,0.3356826065113222,0.211812568231441
2023-05-31,0.3032378994885757,0.30350009049134397,0.3171415149462735,0.3112216817124914,0.23099498498908294
2023-06-01,0.3102668661529807,0.3064943542752091,0.3181526278929281,0.31181417172041936,0.17510405294759823
2023-06-02,0.31812270286988265,0.3208833581677776,0.327757820093735,0.3217170040491303,0.142612240720524
2023-06-05,0.32920370090990636,0.3315295637672354,0.32843182813811556,0.3218863253668277,0.1881771970524017
2023-06-06,0.3399537732166077,0.338682351982044,0.3412387760283935,0.3388142684417127,0.13984204421397378
2023-06-07,0.30017813756342815,0.3449203946769198,0.313939719063113,0.3469397384292049,0.3607473048580786
2023-06-08,0.29720120227464164,0.2965967091203022,0.30652515115110845,0.30682039762407143,0.16330427811135373
2023-06-09,0.29794556303421194,0.3010049815176584,0.3121704709531856,0.30698973575051036,0.11531454694323143
2023-06-12,0.30960520509239753,0.30341687756679325,0.31006391541531864,0.31156016414657006,0.1540691525655022
2023-06-13,0.3111764993731515,0.312649237821791,0.3228709683019313,0.3300964612286429,0.10265590884279477
2023-06-14,0.30985330418935864,0.30341690581928316,0.3082945005504918,0.314184014858507,0.17356543395196505
2023-06-15,0.3215958363525916,0.3151443768000396,0.31629894331772257,0.31452262068843095,0.2132590747816594
2023-06-16,0.30869569880960024,0.3205507350447575,0.3237135578318817,0.3381372832257382,0.3008315706877729
2023-06-20,0.3051397386905307,0.307741875131348,0.31410819357781583,0.3127451228740258,0.13522959879912663
2023-06-21,0.28405296563468907,0.2918558585545944,0.29691995308037433,0.3082593019844474,0.1711261599344978
2023-06-22,0.30555330065415254,0.2966798506278935,0.2862193824017494,0.28794564123378696,0.14251927538209605
2023-06-23,0.29885500584832225,0.2929370075529546,0.30500848540503367,0.2996258911782036,0.21018013100436678
2023-06-26,0.2657775380635996,0.28636631720984684,0.28150094111492807,0.29437827213371637,0.2023727483624454
2023-06-27,0.26569490183329936,0.26207967681485933,0.26321730936169563,0.2632307268961026,0.2498447734716157
2023-06-28,0.2809932671782286,0.2729754253570512,0.2695365834688329,0.263315357701957,0.14370650245633187
2023-06-29,0.27206227090580815,0.2702306254262098,0.28175375601885844,0.2815129328787239,0.11811544759825326
2023-06-30,0.2770239355015972,0.2787144141809553,0.2934654578022351,0.2893845190009635,0.1644173034934498
2023-07-03,0.27867786601265154,0.271311993724514,0.2861351374394734,0.2815130055036795,0.036041552947598254
2023-07-05,0.2939761678888936,0.29143994432833165,0.2895896578964634,0.28151297849686363,0.14791467658296942
2023-07-06,0.280414432754006,0.27222691344729066,0.2825963857347026,0.28625290097040945,0.12369592658296943
2023-07-07,0.27520466906125574,0.278464845429535,0.2910219533570799,0.28879198199782474,0.09766051446506549
2023-07-10,0.25014837392272227,0.25567521304393914,0.2635542763158726,0.27355676062908796,0.21384671806768557
2023-07-11,0.2558543358093949,0.25068489010026307,0.2568980806664892,0.25654416013552495,0.10948331741266376
2023-07-12,0.2706565029604018,0.27247635651488766,0.2826805930888968,0.27778882323197485,0.17196284798034933
2023-07-13,0.3170477971891116,0.30990454675753865,0.2998689651487709,0.2958172448656474,0.2904595387554585
2023-07-14,0.32432473601310396,0.32612327034593214,0.3254828618439618,0.3285728989318629,0.19637605758733623
2023-07-17,0.31795730347190865,0.32878477661405825,0.3314650218961144,0.3382218205091464,0.13197751774017466
2023-07-18,0.3105976014802422,0.3086568358715135,0.3210172702365168,0.32688005051173763,0.1363289778930131
2023-07-19,0.29629156905447085,0.31281552346875163,0.3112435615883167,0.3268800622054967,0.2301267399017467
2023-07-20,0.2728892678956786,0.3037496192514081,0.2810797616959213,0.2999645513408412,0.23595029339519652
2023-07-21,0.2796701354631226,0.27796582244372103,0.28537684465777313,0.2931933652017912,0.5347280977074236
2023-07-24,0.2921569014485522,0.2946837125866114,0.3043345508449682,0.3019959372382709,0.16583651746724892
2023-07-25,0.2977801001675512,0.29593135059525044,0.30467154263053575,0.299456730984467,0.36049655431222705
2023-07-26,0.35616183525039447,0.3610560845442842,0.366178789862069,0.3731782259931756,0.4387281659388646
2023-07-27,0.3572368678685395,0.3798534844641098,0.3701388280743867,0.3867206675106335,0.29603916484716153
2023-07-28,0.3835334680858181,0.38401208542981824,0.3851365289569102,0.37918762867517397,0.22472963291484715
2023-07-31,0.38469113693426327,0.38226534682751334,0.39533145404316383,0.3956923822068238,0.15192924399563318
2023-08-01,0.3750159703083328,0.3747797654230657,0.3860631729570354,0.3791875743652159,0.11023386326419213
2023-08-02,0.3488022601961017,0.3536538115168667,0.35977537807599114,0.36793061952028816,0.1367289847161572
2023-08-03,0.34938096768295057,0.3478316055085525,0.35859570814346053,0.35540383520812757,0.08398778657205239
2023-08-04,0.3465693683234511,0.36546430819172804,0.3627242795625847,0.3664916236174126,0.13550678902838428
2023-08-07,0.3748505709103588,0.36629605472487514,0.37207671655750363,0.36547594439521236,0.10664744814410479
2023-08-08,0.37377541135484005,0.36546416742760834,0.37645786048176966,0.377833223245584,0.11337592112445413
2023-08-09,0.35938693310482905,0.3698725057623188,0.3719082177125794,0.38663601910738177,0.12512622816593885
2023-08-10,0.35963509567047713,0.36995585416983257,0.3756998273581931,0.3837583815867057,0.09054056359170307
2023-08-11,0.3585599361149586,0.35232287822383623,0.3649149038229753,0.3612439806451514,0.07955018422489082
2023-08-14,0.3731967038679912,0.36429982682056183,0.3715711804985571,0.36742261256441033,0.1232728916484716
2023-08-15,0.3603793294926739,0.3647159020141103,0.37426750295917954,0.3818963100838896,0.08126876364628821
2023-08-16,0.3514482697515665,0.3552340020341035,0.36238724730670135,0.36158248399222714,0.12771219978165937
2023-08-17,0.36153699834111885,0.3694568148501042,0.37435167413506987,0.37089303110047467,0.19790700054585153
2023-08-18,0.34119426870141367,0.34666714382466635,0.34983298746273683,0.35997430591000745,0.1727040120087336
2023-08-21,0.34871937009105414,0.34234208957618273,0.3513496113749901,0.34871722657306636,0.12799024290393013
2023-08-22,0.35459060443832724,0.3552339334344826,0.366178759741949,0.3599742326359584,0.10085801037117903
2023-08-23,0.3817969648131504,0.3812674663076058,0.37923859205151755,0.3741092927177073,0.14991812227074236
2023-08-24,0.3603793294926739,0.38825402651635754,0.37671101361150083,0.4060186627921799,0.15572632368995631
2023-08-25,0.36120619954517064,0.35922629917089843,0.3571633250068562,0.3686922247582448,0.14090474890829693
2023-08-28,0.3705504404377792,0.3740311095101293,0.3815133811973104,0.38367349108664606,0.08785821506550218
2023-08-29,0.399989629216566,0.4075502711832609,0.3992074111158612,0.3915452026581959,0.28003462745633184
2023-08-30,0.4108224646909414,0.40513814369254286,0.4146263419042986,0.4130437069816001,0.15414932450873362
2023-08-31,0.41322056555550557,0.4194440386999362,0.4291183799303495,0.4234544418315894,0.1689726050764192
2023-09-01,0.4090030713132261,0.4149525620717339,0.4211982158162071,0.4357271949585223,0.09622765420305676
2023-09-05,0.4099128314707706,0.40630257090082267,0.4189233799688217,0.41862998746436497,0.07813352893013101
2023-09-06,0.3990799959963952,0.4072175090142077,0.4112560318518965,0.4235391532996454,0.07200463973799126
2023-09-07,0.4056953372284914,0.3993159921365247,0.40518949662756354,0.4029714842309319,0.07336756277292575
2023-09-08,0.4149570688281733,0.40829869489718285,0.42119825518638887,0.4141439858993138,0.11357293941048036
2023-09-11,0.4194225986987269,0.4151189825541667,0.4291183827002636,0.4279403596712391,0.08973543258733624
2023-09-12,0.4063568078830141,0.41004522458727266,0.42406290191828844,0.425570277200375,0.06962506823144105
2023-09-13,0.41768596848868544,0.4102947694680158,0.41530018934367985,0.41566743690540264,0.08961688045851529
2023-09-14,0.42918052849233124,0.4252661659865954,0.4329100311043761,0.4369123219764611,0.12374539437772925
2023-09-15,0.42339180343798455,0.42376904017463557,0.4349320417273552,0.44012849391359177,0.24449286981441049
2023-09-18,0.4300900347751283,0.4290920725206461,0.43602734969249246,0.4285327739893431,0.09909934497816594
2023-09-19,0.4286842033610351,0.42285413236045855,0.4361116335453443,0.4353886752065522,0.08624112991266375
2023-09-20,0.39312612541882197,0.42010952293153714,0.4108348138774991,0.44097508702662436,0.16789540120087337
2023-09-21,0.36583712881369845,0.3714529193552326,0.3809238205811254,0.38477402411448425,0.18121076692139737
2023-09-22,0.3642657710642575,0.36978931462027653,0.37696359598137974,0.37901826907039327,0.13778657205240175
2023-09-25,0.3713774374276496,0.3626363875964048,0.37157118621130647,0.37114680304735514,0.08403128411572053
2023-09-26,0.3503734275394822,0.3558994977538067,0.35691065348707895,0.3706391298182231,0.13199884006550217
2023-09-27,0.3666639988661954,0.3603908331022111,0.3682853533588186,0.36048236384834575,0.106649153930131
2023-09-28,0.38130063968185424,0.38035236709692255,0.37856434181459897,0.37123137647014637,0.10465850163755458
2023-09-29,0.3693102622964076,0.38659057447997436,0.3833672142693252,0.4003477843118294,0.17574713427947597
2023-10-02,0.39668176819445733,0.38966785097651313,0.39019186826042884,0.38282724681397695,0.1027386394650655
2023-10-03,0.3822930360696991,0.388337067799175,0.395837061657909,0.40593398130448344,0.10872083105895197
2023-10-04,0.4055300647678909,0.3992328886597917,0.4016507633553186,0.3962002749773713,0.1408143422489083
2023-10-05,0.4041242333537979,0.39856743171757414,0.40940229229371927,0.4154982818584857,0.08179670442139739
2023-10-06,0.42488039801975164,0.4207748304578004,0.4141207182066029,0.40652640662338146,0.14790103029475982
2023-10-09,0.4318265380477958,0.42726225064673573,0.4276017061249284,0.4313259182104855,0.07706741266375547
2023-10-10,0.4288496027590093,0.4337498197195476,0.44209387768681885,0.444529797217201,0.14963581468340612
2023-10-11,0.4494406219017365,0.44531117049563285,0.4526261748089555,0.4452071697581096,0.1334112308951965
2023-10-12,0.43637470414864976,0.4462257879639625,0.44992961061443726,0.46611298659388145,0.12386906386462881
2023-10-13,0.42306113157941005,0.43607873470449643,0.4361116757354655,0.45197823440363083,0.11239765283842795
2023-10-16,0.4374498637041685,0.4330013309135864,0.44765487970717155,0.44173670127657594,0.15573655840611353
2023-10-17,0.4425767372918711,0.4352468263077417,0.44082989761721225,0.4456301034493847,0.11321045987991266
2023-10-18,0.4280228596438861,0.4420672934106532,0.4425153061181004,0.45257070310462943,0.11200958651746723
2023-10-19,0.4262859755590972,0.4332506544453073,0.4425150419309103,0.44452965143734813,0.1349609375
2023-10-20,0.4085070000566776,0.41836265224360114,0.42313615104177615,0.4346269059798079,0.1370863468886463
2023-10-23,0.4159493382786442,0.41661603151359505,0.4136150788571915,0.4152442041594747,0.137109375
2023-10-24,0.4350516359022306,0.4307555710596017,0.4428521584616818,0.43885892948777283,0.2948638782751091
2023-10-25,0.3258959668251712,0.3388488395007777,0.338795433736752,0.35701200750310147,0.6321992699235808
2023-10-26,0.2983588711230868,0.3057457445705004,0.30677787157196645,0.3156228712363135,0.3993159798034934
2023-10-27,0.29744930137160275,0.2972620774820104,0.29784677041055785,0.31232198105336095,0.29275040938864627
2023-10-30,0.3163861995972149,0.3146454023957076,0.3192479538774735,0.3151151452029567,0.15947393558951964
2023-10-31,0.3132438649104542,0.31439589670045887,0.3187424401347534,0.33077355576297574,0.13689103438864628
2023-11-01,0.3328422337905891,0.32371128421188844,0.3274208426520544,0.32239419698769256,0.16921653247816593
2023-11-02,0.3414423043296878,0.344421387094325,0.35446708447465514,0.3592125394558464,0.14398966293668122
2023-11-03,0.3547562577110489,0.3489961523042223,0.3623031371948595,0.35582718476816366,0.13763987445414846
2023-11-06,0.3642657710642575,0.35573296985205605,0.3691276753969954,0.364544885619725,0.07514499181222706
2023-11-07,0.3702197685792047,0.3687913124057832,0.3793228067470731,0.37859521164317955,0.16644377729257642
2023-11-08,0.3774139442355232,0.37128640349382513,0.38690569964987187,0.380795666584982,0.13802964656113537
2023-11-09,0.3641832617713311,0.37411451536552154,0.38092380283170724,0.3891753276237605,0.11518917167030568
2023-11-10,0.38361610431611826,0.37619374200365463,0.3753627326683635,0.3734321520396321,0.1421875
2023-11-13,0.3794816271162603,0.3744472536615112,0.3908661087301788,0.38765183977472295,0.06893678356986899
2023-11-14,0.3921336020936036,0.4003140666131676,0.40830710706869144,0.4080499747049998,0.1889422420851528
2023-11-15,0.40040293730544063,0.3947414170051996,0.4104134807056885,0.41380540005243016,0.11615891102620088
2023-11-16,0.419505234929027,0.4129565043688245,0.41673278325170426,0.416514011235107,0.15156847025109169
2023-11-17,0.40610889919211346,0.4033083544647925,0.41108749410921863,0.4233698484420044,0.2302683201419214
2023-11-20,0.413882163147402,0.40829884943453887,0.4108347671947099,0.4038180381476061,0.14988230076419212
2023-11-21,0.4198361606623492,0.41262381990292274,0.43055092516273397,0.4258244264199128,0.1057007368995633
2023-11-22,0.4324054994093921,0.43125458921476334,0.44327346398889733,0.4358118781859489,0.06457935316593885
2023-11-24,0.41752069602808517,0.4205253562264818,0.4308036338125305,0.44055179990084714,0.019379435043668125
2023-11-27,0.41520523139382115,0.42293728166392575,0.4308877932367763,0.42362372827474803,0.11253411572052402
2023-11-28,0.4217380633329909,0.4132060773237033,0.4260009836269101,0.4240470381214235,0.07239270605895196
2023-11-29,0.4034626357619012,0.42185588200652446,0.42111390657532755,0.4366582713726691,0.11706041894104802
2023-11-30,0.38312003305956954,0.3990665329504478,0.3911187275283785,0.41532904704742035,0.24517433133187772
2023-12-01,0.37757959750824466,0.3704548499040571,0.38597910591716267,0.3883288648642488,0.1807203534388646
2023-12-04,0.35616183525039447,0.35315462565545885,0.36263996830723855,0.37157004355469503,0.2254008597161572
2023-12-05,0.3703851679771787,0.3707042441016012,0.36558893362037725,0.36369844864006284,0.14620889055676856
2023-12-06,0.3623639953309895,0.36820914507911684,0.37932291476137725,0.3847740122465101,0.11372560725982533
2023-12-07,0.419505234929027,0.4241017263702266,0.41993444283230397,0.4152443322343685,0.3968084743449781
2023-12-08,0.4034626357619012,0.4061360923918941,0.4142891513687821,0.408134472682281,0.1875665256550218
2023-12-11,0.3894047024330912,0.38068511872560695,0.39179278566755804,0.3927301464175076,0.17821967112445414
2023-12-12,0.3830372698918957,0.37785714269002446,0.39095006261789855,0.3879054911901473,0.16026456741266373
2023-12-13,0.3834509587928917,0.3820160160450349,0.39356231903248284,0.401194248337129,0.16940758051310045
2023-12-14,0.3782411951001413,0.38384582607303563,0.3777220373172627,0.40119423025493905,0.24290648881004367
2023-12-15,0.3836987405464184,0.38209885082886197,0.3902759001937566,0.38629721296882125,0.34604513509825324
2023-12-18,0.41016074016167126,0.4123740376218098,0.4008079943314786,0.39484597801356125,0.18777207287117903
2023-12-19,0.41718977029476323,0.4150357918574087,0.43156183019340344,0.4304795248754235,0.12993569186681223
2023-12-20,0.4311650673932731,0.4502181930739718,0.44832895567014663,0.44850794366711055,0.3314777224344978
2023-12-21,0.44836533540884405,0.4418176680111464,0.45768125879181176,0.4529092198550376,0.1470916348253275
2023-12-22,0.4572136319822776,0.4526302577503919,0.470572627510214,0.46374314846854514,0.13878701555676856
2023-12-26,0.45746166761055174,0.45836908818497213,0.47461686726718977,0.47068353291696907,0.05576385098253275
2023-12-27,0.4479519003825957,0.453378842373492,0.46366358634946137,0.4706836233878876,0.0800568026746725
2023-12-28,0.44679423153415054,0.4455605495538514,0.46248403951907435,0.46382783539421235,0.04949849890829694
2023-12-29,0.4423287016635967,0.4390728997780474,0.45431102355004604,0.45409414891534794,0.07236882505458514
2024-01-02,0.4297592359791801,0.431504096177285,0.4349320212450025,0.44495302055701635,0.11487701282751092
2024-01-03,0.43596139605977513,0.43300141706959805,0.439987593179636,0.43394991385001924,0.11914915393013101
2024-01-04,0.41503983199584715,0.4290921921739387,0.43383684595613414,0.44385273112896273,0.14410139192139737
2024-01-05,0.4095820326748224,0.412457504936549,0.4237259810026748,0.42971786800842315,0.10459794623362445
2024-01-08,0.4352997984678787,0.427844539151056,0.4330784655763693,0.4258243742551754,0.09519906522925764
2024-01-09,0.4527482290490975,0.44847171227495186,0.44900298567072316,0.4445299404468094,0.1238187431768559
2024-01-10,0.46374646392144714,0.46103082113849136,0.4722578149263179,0.46568991816913596,0.09448434088427948
2024-01-11,0.4620925968790798,0.47949533650680654,0.4699828357413318,0.486765332183125,0.11741436954148471
2024-01-12,0.466806035440534,0.46269420928207905,0.47992513026400574,0.4798247420098717,0.07272192276200873
2024-01-16,0.46548296719411464,0.4722591750895503,0.47680748730377864,0.4741538052396749,0.10600095524017467
2024-01-17,0.4570483595216771,0.4513827303785821,0.455322244085673,0.4686524433289537,0.09148556905021835
2024-01-18,0.47366966617565176,0.4710948523044479,0.48135751109976677,0.4745771331915497,0.13223509143013099
2024-01-19,0.49765092869604033,0.48972564363573856,0.5014948122652882,0.497345343754943,0.19666518831877727
2024-01-22,0.4944257039042318,0.5058611501742326,0.5137960122579857,0.5173202333771131,0.18728080649563317
2024-01-23,0.5031086010796911,0.4957972569378887,0.5109314805933451,0.5070788849964897,0.09717862991266374
2024-01-24,0.5168357356125531,0.5180046429369195,0.5328381649082383,0.5295084024421036,0.12786060316593886
2024-01-25,0.5430496995995316,0.5446202108686281,0.5449710580613554,0.5424585222867865,0.16125648198689954
2024-01-26,0.5456959630297439,0.5403782831015175,0.5573567771477148,0.5511764456254732,0.13538311954148471
2024-01-29,0.5566114347344194,0.5506918096183356,0.5608954984240211,0.5593017863608466,0.1496161981441048
2024-01-30,0.5396593292844966,0.5493610124290368,0.5588734343745494,0.5655652099098921,0.22251722843886462
2024-01-31,0.44571919891600553,0.469348080627244,0.4634949749020365,0.48786548907247484,0.525961210425764
2024-02-01,0.45448473232176523,0.46152976749156405,0.4712465751952606,0.4751694930262317,0.2577817958515284
2024-02-02,0.46457333397394407,0.4578700677646702,0.4351005515184545,0.4509623758445417,0.4454532273471616
2024-02-05,0.4753234062806454,0.4815745595011113,0.4880136072847183,0.481094345813989,0.2410557109716157
2024-02-06,0.478796793638102,0.48065978737651116,0.4914682957094987,0.49658351271262113,0.16107822734716157
2024-02-07,0.4907045347932485,0.48282220159843015,0.49770314273916405,0.49751450658418117,0.12765079148471614
2024-02-08,0.4937642332497091,0.4887275216048462,0.5075612099255995,0.5065710023522138,0.10509091839519649
2024-02-09,0.5193164727074174,0.5145943970668857,0.5166607044783249,0.5137652384569559,0.14147277565502184
2024-02-12,0.5071605689866229,0.5137626969206787,0.5266873329617268,0.5284927472455295,0.09656454694323144
2024-02-13,0.4873969276458875,0.4915555404642037,0.4956811617050627,0.49886887305922245,0.15007164301310044
2024-02-14,0.49401226887798344,0.49030780298610555,0.49905118592993025,0.5086869684011696,0.1062883801855895
2024-02-15,0.46779830489100493,0.46535568021370144,0.46846609984722654,0.4838026920982884,0.233254298580786
2024-02-16,0.4491923323987147,0.46261105781013356,0.4657699482865272,0.482533263140844,0.1808900791484716
2024-02-20,0.454153933525817,0.45337884520443816,0.46029338058764524,0.4543481487865807,0.12710323417030567
2024-02-21,0.4659791653880371,0.45845239679609373,0.4703197576056599,0.4694986311042878,0.11150382096069869
2024-02-22,0.4787139035330542,0.47766541826210573,0.48818218050452367,0.49895330625489,0.1445636599344978
2024-02-23,0.47763899785228314,0.4750038320250737,0.49349027969015036,0.4882887283813969,0.07890710289301309
2024-02-26,0.4247978887268252,0.4563732339588332,0.4425995977131134,0.47533899649647793,0.3701530090065502
2024-02-27,0.4356305972638269,0.4298407022875069,0.4400717235977616,0.44046715740623343,0.1949466088973799
2024-02-28,0.4149570688281733,0.4195270436261641,0.4259165981569448,0.439451290849468,0.23101886599344978
2024-02-29,0.43215746378111775,0.4265969281237699,0.4342579928824948,0.4342037317023165,0.27199525791484713
2024-03-01,0.42124173820169475,0.42667996238710926,0.43863927331685915,0.4439371964541122,0.17806188591703054
2024-03-04,0.38990090062701344,0.3999813654898653,0.39642684804400785,0.4204920155713011,0.39026081468340607
2024-03-05,0.3842777019080147,0.3798534301071209,0.38597903734912653,0.38849811171318416,0.2554644855349345
2024-03-06,0.37377541135484005,0.3826811450770681,0.3874955679970562,0.39899324459160057,0.21387571643013098
2024-03-07,0.3984183984044988,0.3939929160153598,0.393899180943861,0.39620027491053433,0.23451231577510917
2024-03-08,0.4069358961819841,0.42019257956185474,0.41403653227094894,0.4082193363787384,0.24820039574235808
2024-03-11,0.4256245049045745,0.42859305395255565,0.431983076301931,0.42447008794752017,0.1893055745087336
2024-03-12,0.43248813563969224,0.43092193874655915,0.4395661454463333,0.43208768107043827,0.14773215747816593
2024-03-13,0.44315544477871993,0.4451444108860071,0.45608034644650974,0.4487616610402313,0.11177248225982533
2024-03-14,0.47052733148889103,0.46593794840442604,0.4684662183514814,0.4672980203171756,0.27728660616812223
2024-03-15,0.4546500047823655,0.462527784507769,0.4648431032986027,0.47838583309891336,0.3344918463427947
2024-03-18,0.5084010010027419,0.5371345151343913,0.5250023064556049,0.5301010085108894,0.5034763919213974
2024-03-19,0.5030258379120173,0.5091880826792624,0.5158182567268037,0.5262921054272952,0.11794060453056768
2024-03-20,0.5171666613458751,0.50977049928962,0.5213793569009584,0.5249379756853404,0.09441013919213972
2024-03-21,0.5077396572855929,0.5223297352131905,0.5227274414431728,0.5373801609430023,0.12378462745633187
2024-03-22,0.5339534943351977,0.5323937229667951,0.5402527450381709,0.5344176399815405,0.16148335152838428
2024-03-25,0.5281648962182247,0.5224128629719306,0.5304790267212209,0.5413581274515825,0.07665120087336244
2024-03-26,0.5331263704079533,0.5380493236528904,0.5486782572633537,0.5437279641015708,0.10155397106986899
2024-03-27,0.5347802374503207,0.5328926239544948,0.539578558353154,0.5518533588644975,0.10778094295851529
2024-03-28,0.5352764356442431,0.5311459806957676,0.55027922587004,0.5490604066694907,0.12148011053493449
2024-04-01,0.5729848326974935,0.5669938231198649,0.5539864805462751,0.5477060820306429,0.18327562090611355
2024-04-02,0.5652944588472525,0.5583439162282066,0.566962133643536,0.5714901404061435,0.12233812090611354
2024-04-03,0.5682712671986655,0.5615043784015491,0.5718488542280371,0.5723364190616146,0.12335306359170306
2024-04-04,0.5319687015595082,0.5589259977298707,0.5526383617596502,0.5714899444505136,0.2088103848253275
2024-04-05,0.5482593363549083,0.5476974802998756,0.5454765959922574,0.5421197796836613,0.11264328602620086
2024-04-08,0.5676924327744429,0.563084651371141,0.5708377733288565,0.5653958247453771,0.08921175627729258
2024-04-09,0.5821639280668752,0.5904487774378956,0.5925760573065173,0.5934117694436453,0.17800644787117903
2024-04-10,0.5783598688508441,0.5742298727320524,0.5882788009105766,0.5944274445225964,0.1074346683951965
2024-04-11,0.6054007028903196,0.5997640252642994,0.6032765234516297,0.600352173242998,0.1443461722161572
2024-04-12,0.5915082958968573,0.604255675747012,0.6090061112771563,0.6092396188632828,0.12867682177947598
2024-04-15,0.5677751959421168,0.5961046677060634,0.5875206399887638,0.6168571383805398,0.14409115720524016
2024-04-16,0.5639711367260859,0.5662451819841133,0.5777467621163901,0.5773301324305949,0.08987274836244541
2024-04-17,0.5728194332995195,0.578139068153081,0.5874363428498677,0.5894336108619235,0.09826180403930129
2024-04-18,0.5772848362326993,0.5769746407044897,0.5877733090513626,0.5870636952462628,0.08222656249999999
2024-04-19,0.5614076364635475,0.5721505428277981,0.5682258507228999,0.5943427299985625,0.18761087609170307
2024-04-22,0.5795177915740367,0.5827969537843068,0.5830551558914676,0.578345966863247,0.13820363673580785
2024-04-23,0.5958909356623633,0.5938588648550563,0.6017599275991936,0.6007754881494601,0.09304636326419213
2024-04-24,0.6030853651934295,0.5988493156919873,0.6092587394051192,0.6052613916496151,0.10692719705240175
2024-04-25,0.5772023269397729,0.5732319978779056,0.5561772601031989,0.5531232011258745,0.39973048580786025
2024-04-26,0.7090987630524147,0.7247741211368383,0.7144109074668583,0.7481338868828676,0.4641716703056768
2024-04-29,0.6611362380116378,0.6818564162172044,0.677000996090773,0.7031898769358996,0.30165034798034934
2024-04-30,0.6332685339196654,0.6697963259995668,0.6550100899506512,0.6739891151510539,0.19890147379912665
2024-05-01,0.6421994667233991,0.6616452237186515,0.6591385702820085,0.6629012773887403,0.19830700736899565
2024-05-02,0.6650229334579688,0.6584015033777749,0.6658791573998151,0.6670486016155964,0.11985193777292577
2024-05-03,0.6701499339830453,0.6686318403043573,0.6588015461166745,0.6904938457680142,0.20827903247816593
2024-05-06,0.6772617272838112,0.6701290309204809,0.6839100731003867,0.6896476522687355,0.09918463427947599
2024-05-07,0.7033100379980682,0.7002376389065078,0.7037944456738614,0.6984499984475528,0.15179448689956332
2024-05-08,0.6878464001925385,0.6868467472621121,0.7067435240039219,0.7026820530344434,0.07954933133187772
2024-05-09,0.6926427288590405,0.6913382662535982,0.7020251301412217,0.7059830901893224,0.0435367767467249
2024-05-10,0.6818097664472914,0.68435174399427,0.685258192413118,0.6944720550611826,0.1668071097161572
2024-05-13,0.6858617343542229,0.6796107210529069,0.6668059287366415,0.6625626310810141,0.17983675627729256
2024-05-14,0.6957849366084276,0.6959958940951932,0.7072490513613028,0.7091993854738191,0.126953125
2024-05-15,0.7137295653835688,0.7076402408828665,0.7216569446625538,0.7164785441696969,0.14248686544759825
2024-05-16,0.7275393361467309,0.7281840427829417,0.740024859491778,0.7389926431787567,0.15032921670305677
2024-05-17,0.743085990994682,0.7377492677748333,0.7484507025866851,0.7465258015309509,0.12142808406113537
2024-05-20,0.7501974034833266,0.7585423921651137,0.768587744430949,0.7635382862900174,0.10501074645196506
2024-05-21,0.757888031208315,0.7533855932652195,0.7663128286517706,0.7695477065627975,0.05754725027292576
2024-05-22,0.745732254424894,0.7450684554061987,0.7612577307180943,0.7673473279346618,0.06514311544759824
2024-05-23,0.7223296993913543,0.7542173777612972,0.74221546450739,0.7709867003462886,0.09196574781659389
2024-05-24,0.7342375674838747,0.7335903300508945,0.7481133432593945,0.7532967714664974,0.05399153930131004
2024-05-28,0.745897273010747,0.7460663430537556,0.7541798063567553,0.7488108422144625,0.08810470114628821
2024-05-29,0.7417627958108889,0.7424900274286309,0.7571290467551512,0.7571057486453229,0.112126432860262
2024-05-30,0.7104219582362078,0.7290159919634683,0.7324418598125557,0.7551590986474782,0.10845899290393013
2024-05-31,0.7136468022158949,0.7110502699935185,0.7126414510816133,0.7268891232377038,0.2336653930131004
2024-06-03,0.7191873647045935,0.7232768864045761,0.7271336765141314,0.7326446871929434,0.14684259006550218
2024-06-04,0.7243142382922964,0.7176210493417373,0.7332842664601351,0.7389080013232995,0.14190007505458516
2024-06-05,0.7377107009665836,0.7409095254322297,0.7504725268369707,0.7551588760648574,0.10086653930131004
2024-06-06,0.7486261726712592,0.745068165936107,0.7658072346155378,0.7610836209691242,0.1109519991812227
2024-06-07,0.729854800780995,0.7510566832932256,0.7535900831046762,0.7708173231431857,0.08033655158296943
2024-06-10,0.7360638154797715,0.7460098148599986,0.7422851035620497,0.7549118345760047,0.11545698007641922
2024-06-11,0.7493928744086068,0.7441779713121136,0.7508049419617737,0.7655040738612672,0.09636411708515283
2024-06-12,0.7590790845860519,0.7739050113110933,0.7705435129711822,0.7827056758393646,0.15030192412663754
2024-06-13,0.7373057707443754,0.7433453244174345,0.7601681184965889,0.7645719252757707,0.09101391921397378
2024-06-14,0.7508003560085584,0.7460099895448785,0.7540103660971842,0.7485567170612814,0.06670902701965065
2024-06-17,0.7545259679276223,0.7568350049815339,0.7595777301946345,0.7590642037514227,0.07997066048034934
2024-06-18,0.7367261746959105,0.7487577418985388,0.7535885644861622,0.7732998346970631,0.09917269377729257
2024-06-20,0.746743564481425,0.747924909263025,0.7610959015352843,0.7583012153446219,0.08458992903930132
2024-06-21,0.7743123310582559,0.7775689081605918,0.7747612137624806,0.7721135628952601,0.41229359989082964
2024-06-24,0.7709180256846352,0.77790198827512,0.7921380117106014,0.7988906217132475,0.06870820824235807
2024-06-25,0.8107392953236717,0.806213343252243,0.7984644541595709,0.7943146905466684,0.11082065365720523
2024-06-26,0.8094975939338153,0.808045349386559,0.8242765903644469,0.8198207608165208,0.08185128957423579
2024-06-27,0.8221641667091378,0.8208687634487916,0.8372669746484622,0.8329548486725816,0.07340679585152837
2024-06-28,0.7951748692433979,0.8132079103081306,0.81989011497252,0.8341411702479601,0.16132044896288208
2024-07-01,0.8021292602007347,0.8027993388617131,0.8143228236530518,0.8232100458868142,0.04916075327510916
2024-07-02,0.8207568120465597,0.8168719253644653,0.8165160686394024,0.8149059422916772,0.06081468340611354
2024-07-03,0.8255583451453848,0.8212015959403781,0.8370980443861402,0.8386321678162493,0.0
2024-07-05,0.8651315791561466,0.8609212104075644,0.8522819202636753,0.847190859130987,0.09147618722707423
2024-07-08,0.8521335728980076,0.8551755004049947,0.8689836883080773,0.8814245162492541,0.09205956604803492
2024-07-09,0.8517196301222641,0.865084555200779,0.8769129353210661,0.8848988004026225,0.041615208788209596
2024-07-10,0.8699329853175982,0.8683319188218487,0.8795277424964978,0.8750691279793213,0.04870360262008733
2024-07-11,0.8234887582040419,0.8609210632505503,0.8462083349045035,0.8810009163815432,0.13120650245633186
2024-07-12,0.819349457383982,0.8296953303635878,0.8412316605136296,0.840581353537787,0.10794469841703055
2024-07-15,0.8314364341108395,0.839104670024566,0.8448586906875197,0.839225430523527,0.053151439683406104
2024-07-16,0.8098285196671374,0.8427683216525609,0.8317838441066521,0.8599012594056786,0.06864594705240173
2024-07-17,0.7858198386740224,0.8000513965518631,0.8025132489262679,0.822701591575152,0.08948553493449782
2024-07-18,0.7582513259719389,0.791308250629103,0.7735802856881682,0.8138889705704527,0.12856168122270742
2024-07-19,0.7580029095315434,0.7729056883536073,0.7791475659824654,0.7880441540707431,0.07368825054585151
2024-07-22,0.7912010947586862,0.7929735289205811,0.8052969655036182,0.8025341354308785,0.11819561954148472
2024-07-23,0.7921946335828943,0.8005511536193227,0.8163473307633449,0.8149059468864356,0.2226954830786026
2024-07-24,0.7163603424541857,0.7387655948206021,0.7343561500571498,0.7433030155727444,0.3355545510371179
2024-07-25,0.6720683385122724,0.7157000209950369,0.6953005480193604,0.7341513476012228,0.295185418941048
2024-07-26,0.66975020819316,0.6713175798676122,0.6688978973916133,0.6886473026232037,0.26520537663755456
2024-07-29,0.6906958903580974,0.6908026585565162,0.7020489379660648,0.7028833952420545,0.08573024699781659
2024-07-30,0.6969876682245478,0.6974640876909634,0.7058446915777252,0.7148312612475861,0.07435180131004365
2024-07-31,0.7073361106807582,0.7226112145609286,0.719087937526329,0.740252290326259,0.13208754093886463
2024-08-01,0.7008788064789596,0.7209460646754701,0.709556315318209,0.714916015186798,0.1218724413209607
2024-08-02,0.6669354988680042,0.6748149369937778,0.6740435219675676,0.6826311070548757,0.16109443231441048
2024-08-05,0.6055890779529395,0.6408411710185996,0.5918834540117788,0.5899285401884261,0.370058337882096
2024-08-06,0.5976414020461417,0.6086995574230293,0.6043679100550978,0.622383010443961,0.33060265420305673
2024-08-07,0.6030226581308052,0.6287672022860852,0.6217445663706251,0.6386524609747356,0.12705120769650655
2024-08-08,0.6286043470592196,0.6346793848152029,0.6364220980012241,0.6323818875378237,0.13080564274017467
2024-08-09,0.6421815685537028,0.6355118864421591,0.6267212925290275,0.6281449141400856,0.15659286299126637
2024-08-12,0.6307566971682367,0.6447547490857214,0.6501714712615498,0.664920973401908,0.04821574781659388
2024-08-13,0.6462382331434625,0.643339166194057,0.6597033977727431,0.6569556268762563,0.0708719978165939
2024-08-14,0.6148612184172674,0.6307655448452635,0.6153336142017538,0.6483970310995982,0.2588445005458515
2024-08-15,0.6225608586957908,0.6176092655086164,0.6313609022156133,0.632297245074457,0.18151439683406112
2024-08-16,0.6363037334629956,0.6460871711871728,0.6441825535750962,0.640516696014002,0.1191193026746725
2024-08-19,0.6670182620356783,0.6596600685228934,0.6705850300081995,0.6728015765230358,0.10383204830786025
2024-08-20,0.671240326023412,0.6758973817448423,0.6921794440874123,0.6865288543422784,0.06907921670305678
2024-08-21,0.6602295243510629,0.6609922666136255,0.6740434060028435,0.6716998138977904,0.10797540256550217
2024-08-22,0.643257870545585,0.6671541325422611,0.6625714093309913,0.6895794189393755,0.10448962882096069
2024-08-23,0.6583254637450676,0.6554133040352733,0.6669579390969249,0.6680563469800779,0.031673034934497815
2024-08-26,0.6627960711105706,0.6668211903729205,0.6722721813107784,0.6821227088170542,0.033674774836244536
2024-08-27,0.650543187236244,0.6575782533911178,0.6722721063320458,0.6775467495007715,0.0134740038209607
2024-08-28,0.6353929578064613,0.6505836696736734,0.6475565335230382,0.6707677244186595,0.05258341293668123
2024-08-29,0.626534633180503,0.6536647052185062,0.6367594564398567,0.6645820675399027,0.0806640625
2024-08-30,0.6397808020042904,0.6344295248863979,0.6489062724809256,0.6502613868378585,0.10133818913755457
2024-09-03,0.5899420156423657,0.6193578713129099,0.6049582114662857,0.6426350987797492,0.24480758733624453
2024-09-04,0.5824081555739374,0.5956260963392105,0.6005718735375234,0.5997580119344025,0.07771305267467249
2024-09-05,0.588948603755531,0.5993732514034883,0.6007405631020197,0.5967075426822134,0.07204046124454147
2024-09-06,0.5366260338017724,0.5858836254530898,0.5549367496200583,0.6051811736240703,0.23599549672489084
2024-09-09,0.5199634725013346,0.5506903593588784,0.5284949731442332,0.5663068019890002,0.2474959061135371
2024-09-10,0.5195490219760962,0.5329306880243733,0.5379550941123503,0.5488278594898309,0.17805591566593887
2024-09-11,0.5402735792359906,0.5348483128328737,0.5310289540935007,0.5443307689688083,0.16516784934497813
2024-09-12,0.5695368328147835,0.5625304538651595,0.5743595714375826,0.577252581626647,0.16591242494541486
2024-09-13,0.5924998037230859,0.5922135783681503,0.5959828046670215,0.5910830434787363,0.1650271219978166
2024-09-16,0.5974735908380665,0.5911295570288616,0.6077234055246339,0.6070347775076365,0.06940587472707424
2024-09-17,0.6079188865104351,0.6103068655478033,0.6227581923592875,0.621544133861028,0.08932774972707422
2024-09-18,0.6119808824698915,0.6098899937082233,0.6246164865764414,0.6286715276693976,0.11458788209606988
2024-09-19,0.6312961810066019,0.637321717256215,0.6477597822060841,0.6613386380225156,0.13941048034934497
2024-09-20,0.6433165156122497,0.63682153899466,0.6538413602845092,0.6595568172669964,0.2614483829148471
2024-09-23,0.6288921140854723,0.651496261555124,0.6505470796361443,0.6667689436246661,0.11862718340611353
2024-09-24,0.6325395325823168,0.6325690772444751,0.6422695243716234,0.6555687150365049,0.11164369541484714
2024-09-25,0.6259078164290092,0.6291505514631889,0.6474219653591664,0.6423322499761625,0.07357993313318778
2024-09-26,0.636187078016535,0.6397397080447599,0.6556994396525369,0.6607445416497734,0.08594773471615721
2024-09-27,0.6463008132687128,0.6532472520568168,0.6586558807417264,0.6537021139166114,0.09261735807860261
2024-09-30,0.6620515834136266,0.6569992822027365,0.663977075664016,0.6580295097362706,0.08675457150655022
2024-10-01,0.6715020708880494,0.6820966502444478,0.6751265986827366,0.6951088441055419,0.154339519650655
2024-10-02,0.6621344735186742,0.6684223943866706,0.6763934976542156,0.6843328710873354,0.06412134961790392
2024-10-03,0.6621344735186742,0.6610849597652523,0.6695518425712255,0.6672781315000066,0.041203261462882085
2024-10-04,0.6720823016233831,0.674342299736684,0.6827284162304585,0.6982482481953928,0.07509978848253274
2024-10-07,0.6382597114548477,0.6764268012353077,0.659669484915651,0.6953634047235792,0.10423205513100436
2024-10-08,0.6498654685978834,0.6451593864946256,0.6606829150441116,0.6632901224859925,0.10943129093886461
2024-10-09,0.6289750041905201,0.6460765577451929,0.6342454096414967,0.6591324335128205,0.17859323826419216
2024-10-10,0.630798840376316,0.6313185426738662,0.6398200697695007,0.637241261093643,0.03327988537117904
2024-10-11,0.6404149811234604,0.6382388104642943,0.6469151224422833,0.647932286377307,0.043516307314410474
2024-10-14,0.6546736024401426,0.6576663132977117,0.6651595624470938,0.6607446121809856,0.0748328329694323
2024-10-15,0.6588186154420205,0.6697564012606804,0.6755489554368781,0.6789873317985012,0.08533279885371178
2024-10-16,0.6563315314784693,0.6540810412833736,0.6680314590123644,0.6682962125295441,0.05257147243449781
2024-10-17,0.6378451339922356,0.6588336647940406,0.6597538429410601,0.678478208600397,0.09562039437772926
2024-10-18,0.6419072568890659,0.6449928201445455,0.6624568407408886,0.6569264984077398,0.08115788755458514
2024-10-21,0.6472957484040324,0.6432418081676327,0.6585714009164523,0.6548900725176997,0.09129707969432313
2024-10-22,0.6561657512683742,0.6538309657491929,0.6616120793131388,0.6551445392614575,0.05395401200873362
2024-10-23,0.6366017824165208,0.6542479725999605,0.6527432979181211,0.6702478571449396,0.0685589519650655
2024-10-24,0.6361041879114874,0.6334862103983027,0.6449722953168922,0.6538717006607114,0.10380049126637553
2024-10-25,0.6572434495713674,0.6523300462012099,0.6653285428607261,0.6609991650151276,0.08176514737991267
2024-10-28,0.6692636572396414,0.6786779403001858,0.6698051351023024,0.704102766964522,0.18675371861353712
2024-10-29,0.6938015401438492,0.6922688339868986,0.6963271789310588,0.6954480629236875,0.2723022993995633
2024-10-30,0.7334270723525894,0.7893224648198641,0.7551993166304152,0.8053282999890702,0.5002106645742357
2024-10-31,0.7056562214767755,0.7459653693698457,0.7293532074948381,0.7412671015651201,0.29447751774017467
2024-11-01,0.7071482433676334,0.708444512622786,0.7114465494269346,0.7153030268626085,0.18383597161572052
2024-11-04,0.6901541216470047,0.6951870482753087,0.7040979642239951,0.7141149752083623,0.09595558133187773
2024-11-05,0.6942991346488826,0.6935195734572145,0.7111086746569737,0.7098725814848238,0.06823144104803494
2024-11-06,0.7504213210105916,0.7469658408619769,0.7504694498000244,0.7469519733849476,0.20003240993449778
2024-11-07,0.7855704067346371,0.7814850155371448,0.7816371801286421,0.7775827903574585,0.12887895742358077
2024-11-08,0.7656747505252192,0.7799840516417061,0.78915450518409,0.8050739377727884,0.10033518695414848
2024-11-11,0.7822544217206094,0.7770658171667594,0.7924486110192914,0.7875100914278693,0.06147908706331878
2024-11-12,0.792782353623278,0.7932413683305647,0.8002193006318614,0.7980314109463195,0.12701965065502183
2024-11-13,0.77006843384224,0.7804845095491081,0.7930399032388109,0.8034619778313464,0.11038056086244541
2024-11-14,0.742711779616917,0.7626411804427767,0.7573956103967654,0.7849645515663722,0.17710664574235807
2024-11-15,0.7170961984097158,0.7236195452641582,0.7312113932270798,0.7463579463225157,0.1898753070414847
2024-11-18,0.740390602800835,0.73445884847083,0.7454014194540026,0.7437275726103872,0.08498652429039302
2024-11-19,0.7637680242343757,0.7630580586958396,0.7509762593294589,0.7462731999653932,0.11252046943231442
2024-11-20,0.7460276376935707,0.7531357665960517,0.7528343898024998,0.7769886287252826,0.07467078329694324
2024-11-21,0.6768075453605945,0.7235362352047773,0.6676936011977903,0.747800399366768,0.42211636872270736
2024-11-22,0.6530155464644419,0.6595841481783865,0.6693828342436359,0.6794964638367215,0.2419017808406113
2024-11-25,0.6769731986333162,0.6776774699453559,0.6838264193969865,0.681532764515027,0.19525450327510918
2024-11-26,0.6891593134490591,0.6875996734496311,0.7004660859632268,0.6945997136116812,0.08737547762008732
2024-11-27,0.6900712315419572,0.6847647043778217,0.7041826022199167,0.7062241086803808,0.07696847707423579
2024-11-29,0.6877500547258754,0.6843477523816236,0.6969185665270419,0.7019815950203009,0.03424450736899563
2024-12-02,0.7088062993433338,0.706443344166415,0.7088281358675077,0.704272527389796,0.11554141648471616
2024-12-03,0.7075626938928715,0.7114459833342516,0.7280861217910735,0.7273515968806089,0.10240345251091704
2024-12-04,0.7326809344697868,0.7300397038418,0.7298598244768919,0.7244666167994828,0.1822888236899563
2024-12-05,0.7183395499854307,0.7396283119432184,0.7405869513114429,0.7601884075038755,0.09479138236899562
2024-12-06,0.735499705790902,0.7314572669598857,0.7366171869668376,0.7319335570822846,0.0956971547489083
2024-12-09,0.7426370135037882,0.7429802581363093,0.7534173284376575,0.7500012202074796,0.12919196915938863
2024-12-10,0.823970739412106,0.8272901579699478,0.8159933008947831,0.825519096146181,0.38014209197598253
2024-12-11,0.9088730557081804,0.9045045582954864,0.8481268545657752,0.84641595967666,0.49170987991266374
2024-12-12,0.8803233171071402,0.9009149858571409,0.9061362687223926,0.928729472055294,0.2096018695414847
2024-12-13,0.862562747523912,0.8804636646530898,0.8886319228835944,0.8948356394933238,0.12709299945414845
2024-12-16,0.9193302834936795,0.9328025544012596,0.913831350789525,0.9106357805016138,0.2958924672489083
2024-12-17,0.9090389628556491,0.953003414306205,0.9337878909786748,0.9478424925486383,0.28368842112445414
2024-12-18,0.850777500934418,0.9161074796315561,0.8725651489765596,0.9305982913555076,0.20404612445414844
2024-12-19,0.8516904345263051,0.8829678821984398,0.8779771073777876,0.9001023774428584,0.18783348116812226
2024-12-20,0.8757586491477015,0.8817992597190455,0.8512555284796555,0.8504083986159653,0.45391648471615714
2024-12-23,0.9024826475023392,0.900247378123538,0.8929445783437528,0.9085121436631797,0.13162612581877728
2024-12-24,0.9147656155342406,0.9086782748629284,0.9236405664115315,0.9273703354679906,0.0013748635371179097
2024-12-26,0.910533015744487,0.9140206957233671,0.9287143578704893,0.9300036934057715,0.015390454421397387
2024-12-27,0.8869627764402458,0.9020838403700405,0.8971726764055563,0.9283047945872528,0.07376927538209607
2024-12-30,0.8743477402386587,0.8789611042410762,0.8842345956020612,0.8845570629778988,0.03430847434497816
2024-12-31,0.8582471306917369,0.8740362613485352,0.8790764652177674,0.8954304138510162,0.06161981441048034
2025-01-02,0.8593258444937201,0.874369987478487,0.8705356391817825,0.8917775092657422,0.08638697461790393
2025-01-03,0.8789124081980978,0.8844706150770459,0.8915070545389461,0.8978937915266242,0.07125153520742358
2025-01-06,0.9210731336350338,0.9262915700566022,0.9242326192179449,0.9200649523166863,0.16479172352620086
2025-01-07,0.9096200821525989,0.949497585866263,0.9305747308437757,0.9466533481535108,0.13855332287117902
2025-01-08,0.8968390118661692,0.9101807890550223,0.911801971744445,0.908087501368564,0.12471598662663755
2025-01-10,0.8809871995717643,0.9121007841545273,0.8942975671231159,0.922783260852485,0.1400714724344978
2025-01-13,0.8724388560124617,0.8675249964046744,0.8693517998194946,0.8868507247376268,0.09877865720524018
2025-01-14,0.8612347287199172,0.8742029431406312,0.877385076801519,0.8967894168349192,0.05912936681222708
2025-01-15,0.9101179305323798,0.9107650811719431,0.9074046216505951,0.9125045539026352,0.09837182723799126
2025-01-16,0.8882076512644451,0.9034192383574283,0.915437979919796,0.9214240072850591,0.06459214656113538
2025-01-17,0.9138525550049789,0.9180273095193073,0.9233867631324195,0.9417262564015588,0.14919657478165937
2025-01-21,0.930866352018536,0.9602657600638599,0.9582263420088055,0.9633029534286636,0.16826896834061134
2025-01-22,0.9335221357517781,0.9451568578051913,0.9553513254796568,0.963217982497497,0.1361089314956332
2025-01-23,0.9302853596589599,0.9436543333810691,0.9356483444118344,0.9554028455956708,0.14251245223799125
2025-01-24,0.9487929556866074,0.9486627113292198,0.9593256642310071,0.9550630670812471,0.11629537390829695
2025-01-27,0.8790783153455671,0.9151058192351152,0.8978490829644343,0.9067282262247082,0.2685487172489083
2025-01-28,0.9080431391587137,0.9034192842384038,0.897426292695245,0.9096164363534968,0.11868688591703055
2025-01-29,0.9089560727506013,0.9143544931543451,0.9206808242932201,0.9334865013190298,0.06802845251091702
2025-01-30,0.9542704303005604,0.9528364624605842,0.9565351045357964,0.954213545542853,0.12036537936681221
2025-01-31,0.9804135632329957,0.9868943950133279,0.9914593274653964,0.9881924190931878,0.1859298239628821
2025-02-03,0.9572581552661147,0.9724530987616348,0.9770836742074998,0.9770642413474931,0.15007676037117904
2025-02-04,0.9999999999999999,1.0,1.0,0.9999999999999999,0.2866940161026201
2025-02-05,0.8750947666830776,0.8806306962091187,0.875017491633252,0.8953454761493168,0.5128599208515283
2025-02-06,0.8773355921415865,0.8752048347631883,0.880852251018269,0.8820087111321494,0.1625213223253275
2025-02-07,0.8253815213837749,0.8675249633644567,0.8345122924972928,0.8951754534416348,0.3332500341157205
2025-02-10,0.834759908429917,0.8426495213920512,0.8566675590571058,0.863745200772451,0.10971189274017468
2025-02-11,0.8252157411736795,0.8321317488463839,0.843306793750991,0.8440374878369968,0.09379605622270742
2025-02-12,0.8110237619782074,0.816855768037032,0.822589111311461,0.8286620805503385,0.10090150791484714
2025-02-13,0.8320211076542537,0.8266223300111365,0.8336667023580477,0.8380062924358854,0.09518627183406114
2025-02-14,0.8244685877918873,0.8276239085339877,0.8436449966141177,0.8442922001028438,0.08704881959606986
2025-02-18,0.8123515269074545,0.8239510325599696,0.8218279220134472,0.848879323655111,0.16780328875545852
2025-02-19,0.8248006559615725,0.8197773859622942,0.8374719061653777,0.8358825613387068,0.07938131140829693
2025-02-20,0.8189080961355123,0.8185252191892084,0.8301150943983282,0.8420836861593445,0.08698996997816594
2025-02-21,0.7782412966500402,0.8187756014841602,0.7993345233722269,0.8450567176349643,0.21285736217248907
2025-02-24,0.7748384864723793,0.8002440866839159,0.7977277791779498,0.8182135402707319,0.16727023062227075
2025-02-25,0.7430519717785214,0.7636821225799996,0.7622118066480956,0.7846594153033978,0.2701223048580786
2025-02-26,0.7207267342358538,0.741477769939385,0.7359130766239128,0.7594303352540867,0.21483692685589517
2025-02-27,0.6856205533441303,0.728789567471494,0.7051325753591127,0.7502560906410048,0.2537262895742358
2025-02-28,0.7003932710244308,0.6958168364850116,0.695238728007223,0.7051490455098012,0.32314836926855894
2025-03-03,0.6732544413324336,0.718855982706104,0.6881355096443986,0.7327568793798377,0.2603745906113537
2025-03-04,0.7057049654282889,0.7181882006060428,0.6870363246735447,0.6844222208947838,0.29975692549126637
2025-03-05,0.7231335937792055,0.722278463582294,0.7146034103905992,0.7207794355240779,0.17665802401746722
2025-03-06,0.717572975185457,0.7308763112884079,0.7267802796887317,0.7208642659273888,0.15403162527292574
2025-03-07,0.7301051212819963,0.732212117505156,0.7248355641977189,0.7270655292229057,0.14621741948689956
2025-03-10,0.6653786119791688,0.6794893616890615,0.6707878754363383,0.7032274969672617,0.28454131413755457
2025-03-11,0.6501732917291859,0.6651986336072272,0.6511468488726706,0.6747375794843827,0.2502840133733624
2025-03-12,0.6756817377929564,0.6726364980163734,0.6694333283751392,0.6889400740144934,0.15463206195414847
2025-03-13,0.6395379708083392,0.6600173360492744,0.6574117585292769,0.6843476241706062,0.183492255731441
2025-03-14,0.6622212986823076,0.6630258166501818,0.6602900588469514,0.6607902321959619,0.18553664028384276
2025-03-17,0.652250494912953,0.6614379319963531,0.670618494370053,0.6757580503330484,0.17861456058951963
2025-03-18,0.622172303394794,0.6443058348158431,0.6117803097680736,0.6642769746399629,0.2714988741812227
2025-03-19,0.6489270205938752,0.6578443445732148,0.6480145097888992,0.6479484179592684,0.20498004230349343
2025-03-20,0.6398702928527721,0.6496543572039944,0.6476758815524206,0.6463326283904965,0.15263714519650654
2025-03-21,0.6497579526423315,0.6442223207934895,0.6470832425155055,0.6432710505003726,0.22502473389737992
2025-03-24,0.6804177712069351,0.6783194254197723,0.6830635059764012,0.6931073355046969,0.17601153111353712
2025-03-25,0.7043473702162143,0.697624245462425,0.7099851380720263,0.70935068462202,0.11882761326419214
2025-03-26,0.6586483924238443,0.6890999707887216,0.6805236217185457,0.7095208308672697,0.15914557177947597
2025-03-27,0.6352174034185886,0.6540837000450211,0.6564804744764161,0.6723563846475077,0.1216754230349345
2025-03-28,0.5694939279824619,0.6239981819270025,0.5856206874746173,0.6371478873294444,0.327742903930131
2025-03-31,0.5720696142328784,0.5715153109499614,0.5604768022031734,0.5743847560034553,0.3783552811135371
2025-04-01,0.5922602728988516,0.5929095811713424,0.5855358336628445,0.5787219358738992,0.174252865720524
2025-04-02,0.59201096789684,0.595500347005722,0.5946791348395157,0.5917338526079817,0.12622475436681221
2025-04-03,0.5394987535067243,0.5484497616760863,0.5581910122011509,0.5573758528467719,0.3125110876091703
2025-04-04,0.4969570890112157,0.5341590686976027,0.5157766450648604,0.5310118318074578,0.44365277019650656
2025-04-07,0.5065122998189683,0.5490347437757951,0.47471683945412324,0.47607300954167997,0.5676173580786026
2025-04-08,0.48947908138722995,0.5439369712863183,0.49588174006311014,0.5583113472783542,0.3578577033296943
2025-04-09,0.605886873031717,0.6050273700207794,0.5033317024543822,0.5004807837796076,0.5131354052947599
2025-04-10,0.5569474379626908,0.58973386355406,0.5542965507015059,0.6035550162437596,0.32222212745633183
2025-04-11,0.5928418999452963,0.5893160246721573,0.578763260203176,0.5725987723079254,0.19952664437772927
2025-04-14,0.6088781522437355,0.6231623665616371,0.6188916888913525,0.632980594348218,0.17135388236899562
2025-04-15,0.5859455193677555,0.605863110921926,0.5989968628941409,0.6255817805333285,0.14763066320960697
2025-04-16,0.5611849883100198,0.5744403779999138,0.5676727918143003,0.5742997830040385,0.15305420987991267
2025-04-17,0.5431546768076089,0.564328216207408,0.5421903876589953,0.5844200066304287,0.19357600982532752
2025-04-21,0.5141564684651704,0.5164418989436746,0.5218721309696681,0.5384108183276678,0.13481679858078602
2025-04-22,0.5457303630580254,0.543519019850733,0.5425289128672923,0.5384958327687889,0.14268644241266376
2025-04-23,0.5779690286771203,0.588146053867724,0.587144470862554,0.5956459795227808,0.1781412049672489
2025-04-24,0.6106229064456957,0.6053616202140689,0.6039069069714982,0.6002382648417411,0.30407256413755457
2025-04-25,0.6328908952328097,0.6597665815920558,0.6483530983665868,0.6760983500240311,0.39055591566593884
2025-04-28,0.6216738203281446,0.6351129869964877,0.6276963349286251,0.6536464124006393,0.16634569459606985
2025-04-29,0.6179348799848386,0.6149724753073326,0.6185531559246165,0.6357021374384165,0.14129793258733625
2025-04-30,0.6066346611003782,0.6026874044164409,0.6006051939829904,0.615801465796766,0.21099720251091703
2025-05-01,0.6274069468127962,0.6250844304903792,0.6303207121237355,0.6368075448826919,0.17024682723799128
2025-05-02,0.6500902746867646,0.650323002247278,0.6553798415190439,0.6619808929360437,0.13196728302401747
2025-05-05,0.6515859777614607,0.6538330101186461,0.6625759695467166,0.6584940607712381,0.09466856577510915
2025-05-06,0.6434430721738617,0.6489022569050865,0.6496230192599559,0.6514352454155613,0.0941175968886463
2025-05-07,0.5449825749893643,0.6505736490904964,0.5366027695906714,0.6676788190126247,0.9999999999999998
2025-05-08,0.5690784619582338,0.5747746425280699,0.5794404684686649,0.5904582716875387,0.4030482396288209
2025-05-09,0.556365810916246,0.5674204353077158,0.5735143110537901,0.5833995100146846,0.1892842521834061
2025-05-12,0.6038096698479499,0.6012667171941545,0.6078012951578624,0.6116343632624003,0.2891025859716157
2025-05-13,0.6127001096294628,0.6135516622558258,0.6070393657424016,0.6226900505007865,0.27411981441048033
2025-05-14,0.6612242056116348,0.667287963550183,0.6362469037921212,0.6326405003928143,0.32848150927947595
2025-05-15,0.6495086476403199,0.6606858027392758,0.6596127377298102,0.6826466350817887,0.1953517330786026
2025-05-16,0.6680375691467543,0.6869272373452165,0.6871271087681363,0.6987201822291101,0.27808406113537115
2025-05-19,0.6709455774416039,0.6642793593277166,0.675274820971115,0.6713357251197839,0.17214792576419213
2025-05-20,0.6496748086625365,0.6798236205915599,0.6640997463561866,0.6876643214249994,0.3101596615720524
2025-05-21,0.6877296178087043,0.7186006295333557,0.6696872834033667,0.6643621312857918,0.5388057792030567
2025-05-22,0.7069231834040047,0.7489370119535624,0.730218783341299,0.7337586911592523,0.5511590816048035
2025-05-23,0.6869818297400431,0.6920250413004397,0.7063447689583615,0.7100311075836517,0.21296141512008732
2025-05-27,0.7237902408135265,0.7188513212329893,0.724207896743633,0.7193860883833639,0.2367085152838428
2025-05-28,0.7193035124015593,0.7364013453170642,0.7403778854188214,0.744899542901105,0.20931615038209606
2025-05-29,0.7151489790966515,0.7292976642548034,0.729541422566691,0.752043189861093,0.16317293258733623
2025-05-30,0.7141520129633524,0.7108285704699214,0.7025351408787692,0.7295064455942623,0.3616078739082969
