Date,Close,High,Low,Open,Volume
1970-01-01 00:00:00.000000088,0.024296934644317814,0.02912624087009308,0.031030064666478063,0.03074689637116712,0.1525748840065502
1970-01-01 00:00:00.000000087,0.01564324146022722,0.025778387550371207,0.020432353497833344,0.037219957966524886,0.20991999863537114
1970-01-01 00:00:00.000000085,0.0,0.0,0.008817303454307868,0.01269055373576844,0.14458498225982533
1970-01-01 00:00:00.000000086,0.009485765638067578,0.0010043751524138056,0.0,0.006898880725351941,0.26558576692139735
1970-01-01 00:00:00.000000087,0.015143947201393781,0.020756639498283658,0.025434506804747348,0.020270823046061648,0.16001808133187773
1970-01-01 00:00:00.000000087,0.01847230050036075,0.009206548737992315,0.008223834216195658,0.0,0.17250358215065503
1970-01-01 00:00:00.000000090,0.04426692747200178,0.033729483311593866,0.035184414016559695,0.027254893589729323,0.14174996588427946
1970-01-01 00:00:00.000000090,0.04102180046335002,0.03598931144077744,0.04145824091707462,0.046844393031641784,0.1707150655021834
1970-01-01 00:00:00.000000091,0.04925948916198186,0.0386675813255567,0.04467992182635605,0.04147853915121957,0.13720575191048034
1970-01-01 00:00:00.000000090,0.042353167176160555,0.03916973697426829,0.04400171747086756,0.05178429782048588,0.1907094364082969
1970-01-01 00:00:00.000000090,0.040938637656093846,0.043773043270759704,0.04900380609448596,0.052465686405426926,0.16098014465065502
1970-01-01 00:00:00.000000092,0.05699788360177982,0.0505523999483285,0.04891900629381396,0.04037133143628402,0.22821967112445413
1970-01-01 00:00:00.000000097,0.09835246226027372,0.08980585081571224,0.08613816274343078,0.07767647922112464,0.45159832150655016
1970-01-01 00:00:00.000000099,0.11308040497620853,0.10436893932326352,0.10716405016267205,0.10195037897772619,0.253846547489083
1970-01-01 00:00:00.000000097,0.09568979231771202,0.1007700081791858,0.10462057360887911,0.10322796632929288,0.1947700600436681
1970-01-01 00:00:00.000000094,0.07505411613362267,0.0718949089884392,0.0754557164574099,0.08167955593166432,0.273675457150655
1970-01-01 00:00:00.000000096,0.09419203650732966,0.08369601371809532,0.08919030873466394,0.08960051953442816,0.16948604667030565
1970-01-01 00:00:00.000000098,0.10958566257966984,0.10671241749057159,0.10555317736638348,0.09649940025978032,0.20160429175764188
1970-01-01 00:00:00.000000096,0.08936599088103936,0.08972213692259678,0.09783807727092375,0.09794736724797826,0.14485620223799126
1970-01-01 00:00:00.000000098,0.10517555795577949,0.09466017108156866,0.10139889269959745,0.09275189300418751,0.16741095796943228
1970-01-01 00:00:00.000000099,0.11840574486133204,0.11399399367184249,0.10784231920145615,0.10842344057308373,0.2156881140829694
1970-01-01 00:00:00.000000107,0.17923114905479431,0.16973550560349893,0.17592200539950276,0.16881015556206647,0.5086798921943232
1970-01-01 00:00:00.000000104,0.15460143621533307,0.16940071388602773,0.15023316387603514,0.14436587616883378,0.4696643013100436
1970-01-01 00:00:00.000000102,0.13895825823816488,0.14052561469528102,0.14429840681161665,0.1398517905099842,0.18556819732532748
1970-01-01 00:00:00.000000106,0.17839907660081744,0.17249748938139386,0.15481138286288543,0.14683586105365176,0.33065041621179037
1970-01-01 00:00:00.000000098,0.10958566257966984,0.1303146908048749,0.11174226914952201,0.1368707966768561,0.7207065365720524
1970-01-01 00:00:00.000000094,0.07330674493535339,0.10428522543014795,0.07435351309856131,0.11941058782729119,0.9314691935043666
1970-01-01 00:00:00.000000094,0.06964554995818373,0.07683294314741118,0.0796100011241957,0.08065747305425264,0.38157239355895195
1970-01-01 00:00:00.000000094,0.0699783916363863,0.06386003547911012,0.07613392081289827,0.0746102955696809,0.3397414028384279
1970-01-01 00:00:00.000000094,0.07056084870247614,0.0609306877699749,0.06273846305503616,0.07196999602902376,0.3794009279475982
1970-01-01 00:00:00.000000096,0.08936599088103936,0.07992971864277754,0.07876219716736321,0.07248100497733356,0.3405337404475982
1970-01-01 00:00:00.000000094,0.07746717068829745,0.08461667497739367,0.0837642857909815,0.07997614945010334,0.2748063932860262
1970-01-01 00:00:00.000000093,0.0678149524695989,0.0668730970813608,0.07079269766988772,0.07554718862877718,0.20505253820960695
1970-01-01 00:00:00.000000091,0.04651359292910451,0.046283885369308164,0.058160244068185984,0.059790451241565234,0.1994677947598253
1970-01-01 00:00:00.000000091,0.045348678796924946,0.0379979978906142,0.048749471375765796,0.04871811416904226,0.17605332287117903
1970-01-01 00:00:00.000000090,0.03902481387719359,0.03657518098260426,0.041543040717746504,0.0505919002872347,0.2640923512554585
1970-01-01 00:00:00.000000088,0.024380097451574212,0.019417472628398436,0.031538798787214106,0.02946937400039229,0.224677606441048
1970-01-01 00:00:00.000000089,0.030537573273733742,0.021677300757582008,0.03798216060577719,0.033131756418461444,0.14721103984716155
1970-01-01 00:00:00.000000089,0.03211849189137239,0.030632771671218584,0.03781262568772892,0.028532480941296123,0.1697248567139738
1970-01-01 00:00:00.000000089,0.034614772736362376,0.028958813083862056,0.0407799718782903,0.03406864947755761,0.17799109579694322
1970-01-01 00:00:00.000000091,0.048260964127373907,0.039420814798624026,0.04010170283950609,0.031343160118584734,0.1873149222161572
1970-01-01 00:00:00.000000093,0.06199038180870098,0.051556775100742414,0.06434927116802902,0.05536155540103116,0.2125238810043668
1970-01-01 00:00:00.000000094,0.07430520648690198,0.07030466429419835,0.07749045889046668,0.06847792826679389,0.191024153930131
1970-01-01 00:00:00.000000093,0.06373775300697038,0.06779375834065915,0.07350570914172894,0.07665446132450471,0.15005287936681222
1970-01-01 00:00:00.000000093,0.06698288001562192,0.07022095040108278,0.07749045889046668,0.06932969648836662,0.2035105076419214
1970-01-01 00:00:00.000000091,0.05092363406993572,0.06662201925700495,0.059686317063802674,0.06873349772174076,0.1583941730349345
1970-01-01 00:00:00.000000090,0.03686137471040607,0.04368932937764436,0.046969063661428945,0.05272119087958205,0.2191841225436681
1970-01-01 00:00:00.000000090,0.040855411365778416,0.04184800685904766,0.0386604296445614,0.03500547755586181,0.2310785685043668
1970-01-01 00:00:00.000000093,0.06465305175126268,0.0568296009771857,0.06426453605065263,0.05604287900518057,0.22011548171397377
1970-01-01 00:00:00.000000095,0.08245966889521827,0.07833947394853658,0.0659601439643176,0.06166423735975757,0.3443981986899563
1970-01-01 00:00:00.000000099,0.11749044611703963,0.11399399367184249,0.09020771229284041,0.08704534483129467,0.4712225368449781
1970-01-01 00:00:00.000000101,0.12830757846791774,0.1278037848513356,0.12920727645679397,0.12162506823795427,0.4331536572052402
1970-01-01 00:00:00.000000100,0.12497922516895066,0.11868095000645884,0.12725733382440907,0.1204326707047031,0.19376279339519648
1970-01-01 00:00:00.000000104,0.15576635034751274,0.14671910183102266,0.13870284894988616,0.1300570407890279,0.27180165120087335
1970-01-01 00:00:00.000000102,0.1428690686032218,0.1591897899956214,0.15659179057722195,0.15577884255303553,0.2830351050764192
1970-01-01 00:00:00.000000104,0.16142453191083883,0.1567626617901886,0.16617209818769052,0.1625074086225483,0.26060743040393014
1970-01-01 00:00:00.000000104,0.16009322868108733,0.14998324125762896,0.16091561016205624,0.16191120985592244,0.17186817685589517
1970-01-01 00:00:00.000000101,0.13529706326099522,0.14387346801500323,0.1447223411316808,0.1587599013669555,0.178073826419214
1970-01-01 00:00:00.000000100,0.12339824306825309,0.12453964542472928,0.12615513046556048,0.1401924848024546,0.18606543395196506
1970-01-01 00:00:00.000000100,0.12639375468901748,0.12487443714220037,0.13387029524431593,0.1388297076325723,0.15810504230349345
1970-01-01 00:00:00.000000100,0.12223332893607342,0.11374291584748686,0.12649426498495275,0.12716123677421565,0.19483573280567684
1970-01-01 00:00:00.000000103,0.14586458022398607,0.136591891833732,0.13717677595426947,0.13048292489981406,0.22705120769650655
1970-01-01 00:00:00.000000103,0.15110669381879427,0.14194843160329085,0.1447223411316808,0.13976660069166846,0.12617102210698689
1970-01-01 00:00:00.000000104,0.15410220543955866,0.15073653858568714,0.16261128275901682,0.1562899164821373,0.1209231713973799
1970-01-01 00:00:00.000000103,0.15202199256308668,0.1550887032028322,0.15938960184973527,0.16863977592543533,0.1539335425764192
1970-01-01 00:00:00.000000107,0.18488933061812074,0.18078337686008794,0.16506995951213776,0.16421088008490137,0.32810282478165936
1970-01-01 00:00:00.000000105,0.16841408018697523,0.16755939136743092,0.17176772073271696,0.17886040975717776,0.14350180813318777
1970-01-01 00:00:00.000000104,0.15934431903436685,0.16036159293426644,0.16803730570269926,0.1751980273391085,0.13705734852620086
1970-01-01 00:00:00.000000104,0.1534365220831534,0.1605289568655066,0.16515469462951415,0.1754535318132635,0.1204984306768559
1970-01-01 00:00:00.000000106,0.17665170540254804,0.16672244400124803,0.17787194803188788,0.16915078487374524,0.12453517330786026
1970-01-01 00:00:00.000000108,0.18863375188560572,0.17885840430336641,0.1863501169668036,0.17809383135392087,0.13932774972707423
1970-01-01 00:00:00.000000105,0.16450326982191865,0.15559092270653463,0.16668076762513084,0.15910059565942603,0.23308798444323142
1970-01-01 00:00:00.000000103,0.15227160795097383,0.15877134824002548,0.16286561747773698,0.17468695341000662,0.1394846820414847
1970-01-01 00:00:00.000000103,0.14960893800841202,0.1457147905335997,0.15438744854282116,0.14990204470509527,0.09094909934497816
1970-01-01 00:00:00.000000104,0.15884508825859245,0.15634415617960185,0.16117000956407224,0.152712723882384,0.14992750409388644
1970-01-01 00:00:00.000000104,0.15984361329320018,0.1542517558366494,0.16888510965953174,0.16599947638477797,0.13269309497816592
1970-01-01 00:00:00.000000105,0.16450326982191865,0.15952458171309258,0.16820684062074764,0.16616979104061713,0.11344074099344978
1970-01-01 00:00:00.000000103,0.14686304177553489,0.16002680121679502,0.16091561016205624,0.16906566003622148,0.31064069323144106
1970-01-01 00:00:00.000000103,0.1456981276433552,0.15718110354578463,0.15065703351280346,0.16131501108929713,0.36764379776200873
1970-01-01 00:00:00.000000106,0.17798300863229943,0.17408773407563494,0.1583721982915589,0.15731193437875735,0.3398531318231441
1970-01-01 00:00:00.000000106,0.17590279575582746,0.16555070491759416,0.17151332133070096,0.17937141870548767,0.22087967385371177
1970-01-01 00:00:00.000000106,0.1747378816236479,0.1709072446871528,0.18618058204875543,0.17766794724313462,0.14021219978165939
1970-01-01 00:00:00.000000104,0.1590947036464796,0.16429525194082462,0.1598134714865036,0.18022312194626822,0.17701879776200874
1970-01-01 00:00:00.000000104,0.15984361329320018,0.16672244400124803,0.17041118265514843,0.16651048533308788,0.09853728848253274
1970-01-01 00:00:00.000000104,0.1538525900516713,0.15090390251692742,0.1620178135209046,0.16616979104061713,0.11238912390829695
1970-01-01 00:00:00.000000104,0.16117491652295157,0.1532473806842355,0.16320475199712914,0.16046330784851648,0.13972946233624453
1970-01-01 00:00:00.000000107,0.17948076444268157,0.17065616686279728,0.172106855252109,0.16352949149996,0.13875972298034933
1970-01-01 00:00:00.000000106,0.17598602204614278,0.1889856143006572,0.18931752784066058,0.19086957490800505,0.22275859716157204
1970-01-01 00:00:00.000000111,0.2125977813686618,0.21233680979060465,0.19559135474117562,0.18729238230825151,0.45127678084061135
1970-01-01 00:00:00.000000115,0.25270428308771953,0.2540173888634215,0.25052991790008017,0.2505749013120466,0.5855784320414847
1970-01-01 00:00:00.000000116,0.26052590381783325,0.25493805012271964,0.26494277921611864,0.26147685874793836,0.2629614151200873
1970-01-01 00:00:00.000000115,0.25220505231194523,0.2587044090530285,0.2640949752592864,0.256622078796618,0.22196284798034932
1970-01-01 00:00:00.000000118,0.27716760682960917,0.27770337607084006,0.26765579068795997,0.2598585771039008,0.29675133051310043
1970-01-01 00:00:00.000000120,0.2882342910853153,0.2854033940077072,0.28851207850585736,0.28643214708948106,0.19686050081877726
1970-01-01 00:00:00.000000122,0.3047928312898347,0.2991295351490757,0.30495974693824845,0.2978451134736828,0.2131558747270742
1970-01-01 00:00:00.000000122,0.3042103742237452,0.3213927054484844,0.3161509273450055,0.31998978761872876,0.26514908569868995
1970-01-01 00:00:00.000000124,0.32326513179019556,0.3252427144169181,0.3211530159686239,0.3147943133749378,0.2133162186135371
1970-01-01 00:00:00.000000121,0.3025461658327322,0.3101774064056644,0.3166595967824458,0.3251852618625197,0.20302435862445412
1970-01-01 00:00:00.000000120,0.2887335853441486,0.2874121443125348,0.2967359127220529,0.29929308046188097,0.20418685180131002
1970-01-01 00:00:00.000000122,0.31020139746527375,0.3159524517858101,0.31454005454871703,0.32825138053317127,0.27356458105895193
1970-01-01 00:00:00.000000123,0.3196039368130261,0.31545029613709885,0.31869433921550294,0.3167532243306541,0.21658194596069869
1970-01-01 00:00:00.000000122,0.3117823160829125,0.3187981494568206,0.3148791890681092,0.33779062577997254,0.211812568231441
1970-01-01 00:00:00.000000122,0.3051256729680376,0.3054067361779327,0.319118273535567,0.3131760317309005,0.23099498498908294
1970-01-01 00:00:00.000000122,0.3121983840514304,0.30841979778018347,0.32013567709374346,0.3137722304975261,0.17510405294759823
1970-01-01 00:00:00.000000123,0.32010316758880064,0.3228992362496099,0.3298007845048839,0.32373729487432135,0.142612240720524
1970-01-01 00:00:00.000000125,0.3312531416178812,0.33361231578872763,0.3304789888603722,0.32390767451095304,0.1881771970524017
1970-01-01 00:00:00.000000126,0.3420702104857001,0.340810114221892,0.3433658418640898,0.3409419992497318,0.13984204421397378
1970-01-01 00:00:00.000000121,0.3020469350569577,0.3470873152507492,0.31589659262628567,0.34911846732665053,0.3607473048580786
1970-01-01 00:00:00.000000121,0.2990514234361932,0.29846001556912394,0.30843576256625027,0.3087471358903664,0.16330427811135373
1970-01-01 00:00:00.000000121,0.29980033308291376,0.30289589407938444,0.3141161849119486,0.3089174505462058,0.11531454694323143
1970-01-01 00:00:00.000000122,0.31153270069502526,0.30532308613980796,0.3119966426782196,0.3135167260233711,0.1540691525655022
1970-01-01 00:00:00.000000123,0.3131136827957228,0.31461334877091596,0.3248834309986416,0.3321693324061874,0.10265590884279477
1970-01-01 00:00:00.000000122,0.3117823160829125,0.30532308613980796,0.31021617028058734,0.31615702556402825,0.17356543395196505
1970-01-01 00:00:00.000000124,0.3235979099853392,0.3171241908694642,0.3182704695787345,0.3164977198564989,0.2132590747816594
1970-01-01 00:00:00.000000122,0.31061740195073284,0.3225644445321385,0.32573123495547407,0.3402606106647905,0.3008315706877729
1970-01-01 00:00:00.000000122,0.3070394332638786,0.3096752507569529,0.3160661275443336,0.3147091235566222,0.13522959879912663
1970-01-01 00:00:00.000000119,0.28582130001369954,0.293689345341392,0.29877065515511003,0.3101950378977725,0.1711261599344978
1970-01-01 00:00:00.000000122,0.30745550123239673,0.29854366560724843,0.2880034090684168,0.28975383521507947,0.14251927538209605
1970-01-01 00:00:00.000000121,0.30071556834414737,0.29477737053193054,0.3069096895706337,0.30150749589175163,0.21018013100436678
1970-01-01 00:00:00.000000117,0.2674321623205953,0.28816537778560214,0.2832555904802231,0.29622689681043735,0.2023727483624454
1970-01-01 00:00:00.000000117,0.2673489995133388,0.26372615710511593,0.26485797941544675,0.2648837366918524,0.2498447734716157
1970-01-01 00:00:00.000000119,0.28274256210261983,0.2746903144685895,0.27121660611663356,0.26496886152937615,0.14370650245633187
1970-01-01 00:00:00.000000118,0.27375602724032666,0.27192833069069455,0.28350998988223874,0.2832807736197218,0.11811544759825326
1970-01-01 00:00:00.000000118,0.2787485254472478,0.280465359848735,0.295294639527108,0.29120173722248577,0.1644173034934498
1970-01-01 00:00:00.000000119,0.2804127338382607,0.2730164197362237,0.28791860926774493,0.2832807736197218,0.036041552947598254
1970-01-01 00:00:00.000000121,0.29580629642754164,0.29327083973080526,0.29139468957904235,0.2832807736197218,0.14791467658296942
1970-01-01 00:00:00.000000119,0.2821601050365301,0.27393708099552216,0.28435779383907145,0.2880504287335184,0.12369592658296943
1970-01-01 00:00:00.000000118,0.2769179914417219,0.28021428202437937,0.29283596277398705,0.2906055384558601,0.09766051446506549
1970-01-01 00:00:00.000000115,0.2517057580531118,0.2572815282900279,0.2651971139348388,0.2752746851794343,0.21384671806768557
1970-01-01 00:00:00.000000116,0.2574471659067533,0.25225978023794027,0.25849935271425983,0.25815517062233984,0.10948331741266376
1970-01-01 00:00:00.000000118,0.27234149772025984,0.2741881588198778,0.28444259363974334,0.279533266364129,0.17196284798034933
1970-01-01 00:00:00.000000123,0.3190214797469362,0.3118513649930208,0.3017380013456715,0.2976747988178434,0.2904595387554585
1970-01-01 00:00:00.000000124,0.32634380621821646,0.3281720621260531,0.3275116426698107,0.3306362405804655,0.19637605758733623
1970-01-01 00:00:00.000000123,0.3199367784912286,0.33085033201083247,0.3335311348516058,0.3403458004831059,0.13197751774017466
1970-01-01 00:00:00.000000123,0.3125312257296331,0.31059591201625136,0.32301822348363285,0.32893276911811253,0.1363289778930131
1970-01-01 00:00:00.000000121,0.29813612469190076,0.314780712702156,0.313183581154444,0.32893276911811253,0.2301267399017467
1970-01-01 00:00:00.000000118,0.27458809969430387,0.3056578140022883,0.28283172084345465,0.3018481901842225,0.23595029339519652
1970-01-01 00:00:00.000000119,0.2814111953898095,0.2797120625206768,0.28715560511158456,0.2950344992771863,0.5347280977074236
1970-01-01 00:00:00.000000120,0.2939756989389568,0.29653497915741167,0.306231485215145,0.30389235593904607,0.16583651746724892
1970-01-01 00:00:00.000000121,0.2996338805022831,0.2977904321341813,0.30657055505124153,0.30133718123591247,0.36049655431222705
1970-01-01 00:00:00.000000128,0.35837913530233245,0.3633243623456568,0.3684612788327407,0.3755217226563914,0.4387281659388646
1970-01-01 00:00:00.000000128,0.35946075966113766,0.3822397431803348,0.37244589921488724,0.389149104470464,0.29603916484716153
1970-01-01 00:00:00.000000131,0.38592113347224277,0.3864245438662395,0.38753715893630136,0.3815688351601707,0.22472963291484715
1970-01-01 00:00:00.000000131,0.38708604760442245,0.3846668713857675,0.3977956709022582,0.3981772757881634,0.15192924399563318
1970-01-01 00:00:00.000000130,0.3773506665784676,0.3771342812351317,0.3884696333272143,0.3815688351601707,0.11023386326419213
1970-01-01 00:00:00.000000127,0.35097358254073674,0.3558754222331457,0.3620177876475864,0.3702409936134927,0.1367289847161572
1970-01-01 00:00:00.000000127,0.35155597612376766,0.3500167268148753,0.36083084917136177,0.3576356296960399,0.08398778657205239
1970-01-01 00:00:00.000000127,0.348726917083634,0.3677602408559173,0.3649851985214435,0.36879309160608664,0.13550678902838428
1970-01-01 00:00:00.000000130,0.37718421399783675,0.36859725207709104,0.3743959712138637,0.3677710737094668,0.10664744814410479
1970-01-01 00:00:00.000000130,0.3761024626729137,0.3677602408559173,0.37880452591607405,0.3802060579902884,0.11337592112445413
1970-01-01 00:00:00.000000128,0.361624262310984,0.3721961193661778,0.3742263716125197,0.38906397963294026,0.12512622816593885
1970-01-01 00:00:00.000000128,0.36187387769887125,0.37227989711428444,0.37804152175991346,0.3861681756181281,0.09054056359170307
1970-01-01 00:00:00.000000128,0.360792126373948,0.3545362553632605,0.3671894758725486,0.36351249252477214,0.07955018422489082
1970-01-01 00:00:00.000000130,0.3755200690898828,0.3665885017722632,0.3738873017764234,0.3697299846651829,0.1232728916484716
1970-01-01 00:00:00.000000129,0.3626227238625328,0.3670070073828502,0.37660024856496876,0.3842943894999358,0.08126876364628821
1970-01-01 00:00:00.000000127,0.3536361890002395,0.35746566692738657,0.36464606400205135,0.3638531218364507,0.12771219978165937
1970-01-01 00:00:00.000000129,0.3637876379947125,0.37177774146557296,0.37668498368234504,0.3732220524274126,0.19790700054585153
1970-01-01 00:00:00.000000126,0.34331835090819496,0.3488449877312212,0.3520135457170538,0.36223484019241337,0.1727040120087336
1970-01-01 00:00:00.000000127,0.3508902927673625,0.3444927592590854,0.3535396187126706,0.35090706362652724,0.12799024290393013
1970-01-01 00:00:00.000000128,0.3567981532016349,0.35746566692738657,0.3684612788327407,0.36223484019241337,0.10085801037117903
1970-01-01 00:00:00.000000131,0.38417369879091434,0.38366256008834454,0.38160233718858716,0.3764584857539035,0.14991812227074236
1970-01-01 00:00:00.000000129,0.3626227238625328,0.39069299459026885,0.37905899000138554,0.40856822427574513,0.15572632368995631
1970-01-01 00:00:00.000000129,0.3634548597995688,0.3614830398270601,0.3593895759764171,0.37100750703595775,0.14090474890829693
1970-01-01 00:00:00.000000130,0.37285733566426194,0.3763809200520827,0.38389147902365994,0.3860829208190204,0.08785821506550218
1970-01-01 00:00:00.000000133,0.4024796736767624,0.41011053107365836,0.4016956855336197,0.3940039494025762,0.28003462745633184
1970-01-01 00:00:00.000000135,0.4133799688348967,0.40768327515824376,0.4172107502085066,0.4156374846377284,0.15414932450873362
1970-01-01 00:00:00.000000135,0.4157929599065122,0.42207899973455465,0.43179308175929776,0.4261135579628339,0.1689726050764192
1970-01-01 00:00:00.000000134,0.41154937134631187,0.41755947118616965,0.4238237116284137,0.43846354736771587,0.09622765420305676
1970-01-01 00:00:00.000000134,0.4124646700906043,0.40885501424189785,0.4215345697933409,0.42125884299230565,0.07813352893013101
1970-01-01 00:00:00.000000133,0.40156437493247,0.4097756755011961,0.4138194050145855,0.4261988127619416,0.07200463973799126
1970-01-01 00:00:00.000000134,0.40822095456428587,0.40182457973997354,0.4077151130321187,0.4055020406243015,0.07336756277292575
1970-01-01 00:00:00.000000135,0.41754039458784065,0.4108637645467257,0.4238237116284137,0.41674475733345595,0.11357293941048036
1970-01-01 00:00:00.000000136,0.42203359853592826,0.41772677126241886,0.43179308175929776,0.4306276436216836,0.08973543258733624
1970-01-01 00:00:00.000000134,0.40888663792069124,0.41262130931721575,0.4267062580183031,0.42824284855518124,0.06962506823144105
1970-01-01 00:00:00.000000135,0.4202862908207179,0.4128723871415716,0.4178888898806995,0.4182777841783858,0.08961688045851529
1970-01-01 00:00:00.000000137,0.43185226933525755,0.4279376951528251,0.43560836127328295,0.43965594490096693,0.12374539437772925
1970-01-01 00:00:00.000000136,0.42602757170824157,0.42643122820669066,0.43764303902304424,0.44289237822745786,0.24449286981441049
1970-01-01 00:00:00.000000137,0.43276756807954997,0.4317877679762494,0.4387452423818926,0.4312239073691011,0.09909934497816594
1970-01-01 00:00:00.000000137,0.4313529115933652,0.4255105669473922,0.4388299774992689,0.43812278809445315,0.08624112991266375
1970-01-01 00:00:00.000000132,0.3955733516909412,0.42274858316949726,0.4133954706945214,0.4437441464490304,0.16789540120087337
1970-01-01 00:00:00.000000129,0.36811451632828707,0.3737863640604189,0.38329807446884356,0.3871901935147479,0.18121076692139737
1970-01-01 00:00:00.000000129,0.3665335342275895,0.3721124693280533,0.3793133247201058,0.38139845552353946,0.13778657205240175
1970-01-01 00:00:00.000000130,0.37368947160129795,0.36491460703989764,0.3738873017764234,0.3734775569015676,0.08403128411572053
1970-01-01 00:00:00.000000127,0.3525545646414343,0.3581352503623292,0.3591352412576968,0.3729665479532578,0.13199884006550217
1970-01-01 00:00:00.000000129,0.36894652529920524,0.3626547789107142,0.3705808210664697,0.3627459791023071,0.106649153930131
1970-01-01 00:00:00.000000131,0.38367446801514005,0.3827418988290463,0.38092406814980284,0.37356268173909135,0.10465850163755458
1970-01-01 00:00:00.000000130,0.37160925872482586,0.3890190998579035,0.3857566865386689,0.40286174108364436,0.17574713427947597
1970-01-01 00:00:00.000000133,0.3991512568947364,0.3921158114982788,0.39262398267729604,0.38523128255903183,0.1027386394650655
1970-01-01 00:00:00.000000131,0.38467292956668886,0.39077664462839357,0.3983043403396985,0.4084830994382216,0.10872083105895197
1970-01-01 00:00:00.000000134,0.40805462894977307,0.4017409297018488,0.40415429760344523,0.3986882847364732,0.1408143422489083
1970-01-01 00:00:00.000000134,0.40664009942970636,0.4010713462669062,0.41195419749957674,0.4181075345033385,0.08179670442139739
1970-01-01 00:00:00.000000136,0.42752539100168274,0.42341816660443987,0.41670195140447486,0.40907923322405515,0.14790103029475982
1970-01-01 00:00:00.000000137,0.43451487579476034,0.4299464454576527,0.4302670734469768,0.4340345865463897,0.07706741266375547
1970-01-01 00:00:00.000000137,0.43151936417399583,0.43647472431086576,0.44484953436435937,0.4473213390487838,0.14963581468340612
1970-01-01 00:00:00.000000139,0.4522383301314594,0.4481084651092817,0.455447245533004,0.44800272763372506,0.1334112308951965
1970-01-01 00:00:00.000000138,0.4390913695162222,0.44902912636857994,0.45273416937786715,0.4690401290830437,0.12386906386462881
1970-01-01 00:00:00.000000136,0.4256947935130979,0.4388182024781737,0.4388299774992689,0.45481648352155335,0.11239765283842795
1970-01-01 00:00:00.000000138,0.44017312084114546,0.43572149083779843,0.4504451569093856,0.4445106598714952,0.15573655840611353
1970-01-01 00:00:00.000000138,0.4453320081456382,0.4379811912570002,0.443577731404167,0.4484286117445113,0.11321045987991266
1970-01-01 00:00:00.000000137,0.4306873552030779,0.4448443256826753,0.4452734686844234,0.4554126173073869,0.11200958651746723
1970-01-01 00:00:00.000000136,0.42893992052174945,0.4359725686621543,0.4452734686844234,0.4473213390487838,0.1349609375
1970-01-01 00:00:00.000000134,0.41105014057053757,0.4209909106890253,0.4257736542607987,0.43735627467198834,0.1370863468886463
1970-01-01 00:00:00.000000135,0.41853885613938946,0.4192333659185352,0.41619328196703453,0.41785190006759954,0.137109375
1970-01-01 00:00:00.000000137,0.4377600028034119,0.43346166270861497,0.44561253852051974,0.44161485585668303,0.2948638782751091
1970-01-01 00:00:00.000000124,0.32792478831891403,0.34097754200812314,0.34090716511096886,0.35925391134007745,0.6321992699235808
1970-01-01 00:00:00.000000121,0.30021633756837285,0.3076665643071159,0.30869009728497054,0.31760492757143455,0.3993159798034934
1970-01-01 00:00:00.000000121,0.29930103882408066,0.2991295351490757,0.2997032589126144,0.3142832394458359,0.29275040938864627
1970-01-01 00:00:00.000000123,0.318355796390531,0.3166220352207527,0.321237815769296,0.3170939186231245,0.15947393558951964
1970-01-01 00:00:00.000000123,0.3151938956721947,0.3163709573963971,0.32072914633185545,0.3328506560103366,0.13689103438864628
1970-01-01 00:00:00.000000125,0.33491427311199184,0.32574487006562935,0.32946164998549154,0.32441868345926284,0.16921653247816593
1970-01-01 00:00:00.000000126,0.343567966296082,0.34658515960203773,0.35667656450457585,0.36146832676994833,0.14398966293668122
1970-01-01 00:00:00.000000128,0.3569646057822655,0.35118846589852937,0.36456126420137924,0.35806151380682616,0.13763987445414846
1970-01-01 00:00:00.000000129,0.3665335342275895,0.35796782257609805,0.3714285603400066,0.36683418065037054,0.07514499181222706
1970-01-01 00:00:00.000000130,0.3725245574691183,0.37110815803063035,0.3816872016725549,0.38097270137433714,0.16644377729257642
1970-01-01 00:00:00.000000131,0.37976365765008313,0.37361906398416944,0.3893175019673424,0.38318711680420825,0.13802964656113537
1970-01-01 00:00:00.000000129,0.3664503714203331,0.3764646978001891,0.38329807446884356,0.3916191543360741,0.11518917167030568
1970-01-01 00:00:00.000000131,0.38600429627949917,0.3785570981431414,0.37770245192381713,0.3757772271305464,0.1421875
1970-01-01 00:00:00.000000131,0.3818438705265552,0.37679942566266944,0.39330225171608013,0.3900859975295603,0.06893678356986899
1970-01-01 00:00:00.000000132,0.39457476317327433,0.4028288910373965,0.4108521235073198,0.41061239003056893,0.1889422420851528
1970-01-01 00:00:00.000000133,0.40289561467916224,0.3972212734434819,0.4129716657410488,0.41640399806019324,0.11615891102620088
1970-01-01 00:00:00.000000136,0.42211676134318465,0.4155507208813418,0.41933029244223563,0.4191295523999583,0.15156847025109169
1970-01-01 00:00:00.000000134,0.408637022532804,0.40584195263964706,0.4136498054132415,0.42602843312531036,0.2302683201419214
1970-01-01 00:00:00.000000135,0.4164586432629176,0.4108637645467257,0.4133954706945214,0.40635380884587424,0.14988230076419212
1970-01-01 00:00:00.000000136,0.4224496665044464,0.41521586530887955,0.4332344843208339,0.42849835302933625,0.1057007368995633
1970-01-01 00:00:00.000000137,0.4350973963439091,0.43396381835732645,0.4460364728405838,0.4385486722052394,0.06457935316593885
1970-01-01 00:00:00.000000135,0.42011983824008703,0.42316708878008424,0.43348881903955394,0.4433182623382441,0.019379435043668125
1970-01-01 00:00:00.000000135,0.4177900099757279,0.4255942169855169,0.4335735541569302,0.42628393759946515,0.11253411572052402
1970-01-01 00:00:00.000000136,0.4243634268002876,0.41580179870569767,0.4286562006506881,0.4267098217102514,0.07239270605895196
1970-01-01 00:00:00.000000134,0.4059744160733012,0.42450612793998754,0.423738847144446,0.4394004404268119,0.11706041894104802
1970-01-01 00:00:00.000000131,0.38550506550372465,0.4015735019156177,0.3935565864348004,0.417937154866707,0.24517433133187772
1970-01-01 00:00:00.000000131,0.379930110230714,0.3727820527629959,0.388384898209838,0.39076738611450135,0.1807203534388646
1970-01-01 00:00:00.000000128,0.35837913530233245,0.35537326658443424,0.3649003987207714,0.37390344101235384,0.2254008597161572
1970-01-01 00:00:00.000000130,0.37269101004974914,0.37303313058735155,0.3678677449113329,0.36598241242879803,0.14620889055676856
1970-01-01 00:00:00.000000129,0.36461977393174827,0.37052222463381224,0.3816872016725549,0.3871901935147479,0.11372560725982533
1970-01-01 00:00:00.000000136,0.42211676134318465,0.426765956069171,0.42255190866822134,0.41785190006759954,0.3968084743449781
1970-01-01 00:00:00.000000134,0.4059744160733012,0.4086875864556667,0.41687155100581885,0.4106975148680925,0.1875665256550218
1970-01-01 00:00:00.000000132,0.3918288669403971,0.38307662669152664,0.3942348554735847,0.3951963469358275,0.17821967112445414
1970-01-01 00:00:00.000000131,0.38542190269646825,0.380230992875507,0.3933869868334564,0.3903415020037151,0.16026456741266373
1970-01-01 00:00:00.000000131,0.3858379706649864,0.38441579356141187,0.3960153278712172,0.4037135093052169,0.16940758051310045
1970-01-01 00:00:00.000000131,0.38059579358711915,0.38625711608000834,0.3800763288762662,0.4037135093052169,0.24290648881004367
1970-01-01 00:00:00.000000131,0.38608758605287363,0.38449944359953636,0.3927087177946723,0.38872322035967777,0.34604513509825324
1970-01-01 00:00:00.000000134,0.41271428547849154,0.4149647874845239,0.4033064289633169,0.39732563752817485,0.18777207287117903
1970-01-01 00:00:00.000000135,0.41978693307882553,0.41764312122429414,0.43425182319571454,0.4331828183248172,0.12993569186681223
1970-01-01 00:00:00.000000137,0.4338491924383552,0.4530464992682537,0.4511234259481699,0.45132441575932347,0.3314777224344978
1970-01-01 00:00:00.000000139,0.45115657880653637,0.44459324785831944,0.46053406927399865,0.4557533765806496,0.1470916348253275
1970-01-01 00:00:00.000000140,0.46005995086157303,0.4554737551836683,0.473505786761684,0.46665533401654136,0.13878701555676856
1970-01-01 00:00:00.000000140,0.4603095662494603,0.4612486728538321,0.477575271627798,0.47363933957941695,0.05576385098253275
1970-01-01 00:00:00.000000139,0.45074051083801825,0.4562269886567354,0.46655362613908913,0.47363933957941695,0.0800568026746725
1970-01-01 00:00:00.000000139,0.4495755967058388,0.44835954293363733,0.4653666876628645,0.4667404588540649,0.04949849890829694
1970-01-01 00:00:00.000000138,0.44508239275775097,0.4418312640804245,0.45714285344666894,0.4569457741139007,0.07236882505458514
1970-01-01 00:00:00.000000137,0.43243466291828825,0.4342148961816823,0.43764303902304424,0.44774722315957005,0.11487701282751092
1970-01-01 00:00:00.000000138,0.4386753015477043,0.43572149083779843,0.44272999213063036,0.4366748860870471,0.11914915393013101
1970-01-01 00:00:00.000000135,0.41762355739509704,0.4317877679762494,0.4365409650307873,0.4466399504638425,0.14410139192139737
1970-01-01 00:00:00.000000134,0.4121317649293428,0.41504856523263034,0.4263670588156153,0.4324163049023524,0.10459794623362445
1970-01-01 00:00:00.000000138,0.43800961819129913,0.4305322511444889,0.4357778315080355,0.42849835302933625,0.09519906522925764
1970-01-01 00:00:00.000000140,0.4555666199473676,0.4512889544977634,0.4518015656203628,0.4473213390487838,0.1238187431768559
1970-01-01 00:00:00.000000141,0.4666333676861327,0.46392700659360253,0.4752013946753487,0.46861424497225745,0.09448434088427948
1970-01-01 00:00:00.000000141,0.46496922277817876,0.4825075318558181,0.47291225284027594,0.48982202605820735,0.11741436954148471
1970-01-01 00:00:00.000000141,0.4697120421141534,0.4656009013259679,0.48291655945410417,0.4828378905337476,0.07272192276200873
1970-01-01 00:00:00.000000141,0.46838080236746094,0.47522601952953814,0.47977954897890307,0.47713140734164683,0.10600095524017467
1970-01-01 00:00:00.000000140,0.45989349828094217,0.4542182383519078,0.4581601923215496,0.4715953037861773,0.09148556905021835
1970-01-01 00:00:00.000000142,0.4766183640999746,0.47405428044588405,0.48435783264904886,0.4775572914524331,0.13223509143013099
1970-01-01 00:00:00.000000145,0.5007489096467206,0.492802105784349,0.5046206512288339,0.5004684790199441,0.19666518831877727
1970-01-01 00:00:00.000000145,0.49750378263806905,0.5090391528792566,0.5169987054285198,0.5205689874101664,0.18728080649563317
1970-01-01 00:00:00.000000146,0.506240575146357,0.4989118790269751,0.5141161590386304,0.5102631637601083,0.09717862991266374
1970-01-01 00:00:00.000000147,0.5200532191179994,0.5212588270744904,0.5361594500160479,0.5328335920543565,0.12786060316593886
1970-01-01 00:00:00.000000150,0.5464303031557303,0.5480415259222846,0.54836790461439,0.5458649700441798,0.16125648198689954
1970-01-01 00:00:00.000000151,0.5490930365813509,0.5437729474882735,0.5608308232980436,0.5546376368877242,0.13538311954148471
1970-01-01 00:00:00.000000152,0.5600764945467418,0.5541512991649107,0.5643916387267173,0.5628140399838508,0.1496161981441048
1970-01-01 00:00:00.000000150,0.5430188505325657,0.5528121322950255,0.562356960976956,0.5691167869233693,0.22251722843886462
1970-01-01 00:00:00.000000139,0.44849397234703337,0.47229660796541206,0.46638402653774513,0.4909291687923507,0.525961210425764
1970-01-01 00:00:00.000000140,0.4573140546286958,0.464429162242314,0.47418392643387663,0.47815342523826665,0.2577817958515284
1970-01-01 00:00:00.000000141,0.46746550362316874,0.4607465172051206,0.43781263862438824,0.4537943356633496,0.4454532273471616
1970-01-01 00:00:00.000000142,0.47828250900792857,0.4845999321987706,0.491055529186332,0.48411554286610636,0.2410557109716157
1970-01-01 00:00:00.000000143,0.48177737837058543,0.48367927093947216,0.4945316094976294,0.4997018356358951,0.16107822734716157
1970-01-01 00:00:00.000000144,0.49375929788752515,0.4858553213205492,0.5008053717148487,0.5006387286949914,0.12765079148471614
1970-01-01 00:00:00.000000145,0.4968380992816639,0.49179779448692607,0.5107249432113007,0.5097521548117983,0.10509091839519649
1970-01-01 00:00:00.000000148,0.5225494999629894,0.5178272598616529,0.5198812518184092,0.5169916648488289,0.14147277565502184
1970-01-01 00:00:00.000000146,0.5103178380920446,0.5169902486404794,0.5299702935496137,0.5318115741577367,0.09656454694323144
1970-01-01 00:00:00.000000144,0.490431008071617,0.4946434283029457,0.49877069396508744,0.5020015058648739,0.15007164301310044
1970-01-01 00:00:00.000000145,0.49708771466955093,0.4933880391811669,0.5021619097924171,0.5118814454041458,0.1062883801855895
1970-01-01 00:00:00.000000141,0.4707106306318203,0.4682792350657383,0.47138624452795497,0.48684096724428727,0.233254298580786
1970-01-01 00:00:00.000000139,0.45198871474357216,0.4655172512878434,0.4686731683728179,0.48556344487351266,0.1808900791484716
1970-01-01 00:00:00.000000140,0.4569811494674343,0.4562269886567354,0.4631624103117594,0.4572012785880557,0.12710323417030567
1970-01-01 00:00:00.000000141,0.46888003314323545,0.4613324506019385,0.47325132267637227,0.4724469420461659,0.11150382096069869
1970-01-01 00:00:00.000000143,0.48169408859721097,0.4806662093372216,0.491225128787676,0.5020866307023975,0.1445636599344978
1970-01-01 00:00:00.000000143,0.48061246423840576,0.47798787559745115,0.4965662872473907,0.49135505290313697,0.07890710289301309
1970-01-01 00:00:00.000000136,0.42744222819442634,0.4592400502589862,0.44535820380179947,0.4783238048748979,0.3701530090065502
1970-01-01 00:00:00.000000138,0.43834252335256063,0.43254100144931673,0.44281472724800663,0.44323313750072035,0.1949466088973799
1970-01-01 00:00:00.000000135,0.41754039458784065,0.42216264977267937,0.4285714655333118,0.4422109896425166,0.23101886599344978
1970-01-01 00:00:00.000000137,0.43484778095602183,0.4292768620227103,0.4369647699842599,0.4369303905612021,0.27199525791484713
1970-01-01 00:00:00.000000136,0.4238641960245131,0.4293605120608348,0.44137345405306194,0.4467250753013663,0.17806188591703054
1970-01-01 00:00:00.000000132,0.39232822468228945,0.40249416317491615,0.39889787426110657,0.423132629110498,0.39026081468340607
1970-01-01 00:00:00.000000131,0.3866699796359043,0.3822397431803348,0.388384898209838,0.3909377657511328,0.2554644855349345
1970-01-01 00:00:00.000000130,0.3761024626729137,0.3850853769963545,0.3899110358887504,0.40149896391376183,0.21387571643013098
1970-01-01 00:00:00.000000133,0.4008986915760646,0.3964680399704146,0.3963543977073135,0.3986882847364732,0.23451231577510917
1970-01-01 00:00:00.000000134,0.40946915846984,0.422832233207622,0.4166172162870986,0.4107827696672002,0.24820039574235808
1970-01-01 00:00:00.000000136,0.4282742371653443,0.4312856123275379,0.4346757575157786,0.4271357058210379,0.1893055745087336
1970-01-01 00:00:00.000000137,0.4351805591511655,0.4336290904948461,0.4423060578105663,0.43480109996885474,0.14773215747816593
1970-01-01 00:00:00.000000138,0.44591440172866914,0.4479410373230506,0.4589233258443014,0.4515799202334785,0.11177248225982533
1970-01-01 00:00:00.000000142,0.4734565268646975,0.4688650407525745,0.47138624452795497,0.4702325266162948,0.27728660616812223
1970-01-01 00:00:00.000000140,0.4574803802432086,0.46543347353973696,0.46774056461531355,0.4813899885263415,0.3344918463427947
1970-01-01 00:00:00.000000146,0.5115659150314806,0.5405088080616669,0.5282746856359487,0.5334298558017743,0.5034763919213974
1970-01-01 00:00:00.000000146,0.5061574123391006,0.5123869423439877,0.5190335125448725,0.5295971587278658,0.11794060453056768
1970-01-01 00:00:00.000000147,0.5203861242792609,0.5129728757408056,0.524629135089899,0.5282343815579833,0.09441013919213972
1970-01-01 00:00:00.000000146,0.5109003586411933,0.5256109278366445,0.5259855438008759,0.5407546206379126,0.12378462745633187
1970-01-01 00:00:00.000000149,0.5372774426789242,0.535738201688926,0.5436201507094917,0.5377735618239925,0.16148335152838428
1970-01-01 00:00:00.000000149,0.5314528720180263,0.525694705584751,0.5337855730635989,0.5447576973484523,0.07665120087336244
1970-01-01 00:00:00.000000149,0.5364453067418882,0.5414294693209654,0.5520983196444075,0.5471424924149546,0.10155397106986899
1970-01-01 00:00:00.000000149,0.5381094516498421,0.5362403573376375,0.5429418816707076,0.5553188955110813,0.10778094295851529
1970-01-01 00:00:00.000000150,0.5386086824256167,0.5344826848571655,0.5537091924406962,0.5525083462953768,0.12148011053493449
1970-01-01 00:00:00.000000154,0.5765518719440048,0.5705557740460494,0.5574396074707139,0.5511455691254943,0.18327562090611355
1970-01-01 00:00:00.000000153,0.5688134140211478,0.5618513171017776,0.5704959307091838,0.5750787745896251,0.12233812090611354
1970-01-01 00:00:00.000000153,0.5718089256419121,0.5650318064902595,0.5754132842154259,0.5759305428111976,0.12335306359170306
1970-01-01 00:00:00.000000149,0.5352803926097085,0.5624372504985957,0.5560830693931452,0.5750787745896251,0.2088103848253275
1970-01-01 00:00:00.000000151,0.5516724802335973,0.5511382375626601,0.5488767034184218,0.5455242107709171,0.11264328602620086
1970-01-01 00:00:00.000000153,0.5712265320588814,0.5666220511845004,0.5743959453405453,0.5689464072867381,0.08921175627729258
1970-01-01 00:00:00.000000155,0.5857880221941854,0.5941579835053619,0.596269636716619,0.5971381939355636,0.17800644787117903
1970-01-01 00:00:00.000000155,0.5819603746363848,0.5778372863723296,0.5919456877651935,0.5981603417937673,0.1074346683951965
1970-01-01 00:00:00.000000158,0.6091695946111517,0.6035318961745944,0.6070369474866076,0.6041223294600233,0.1443461722161572
1970-01-01 00:00:00.000000156,0.5951904980588785,0.6080515524329613,0.6128020402663866,0.6130653759401989,0.12867682177947598
1970-01-01 00:00:00.000000153,0.5713096948661378,0.5998493788473829,0.5911826836090331,0.6207307700880158,0.14409115720524016
1970-01-01 00:00:00.000000153,0.5674820473083373,0.5698024128630004,0.5813479765965487,0.5809556374183573,0.08987274836244541
1970-01-01 00:00:00.000000154,0.5763854193633742,0.5817710092338786,0.5910979484916569,0.5931351172250239,0.09826180403930129
1970-01-01 00:00:00.000000155,0.5808786233114618,0.5805992701502245,0.5914370183277532,0.5907503221585215,0.08222656249999999
1970-01-01 00:00:00.000000153,0.5649026036560909,0.5757448860293772,0.5717677336693762,0.5980750869946598,0.18761087609170307
1970-01-01 00:00:00.000000155,0.5831252887685645,0.5864579655684949,0.5866892644228551,0.5819776553149771,0.13820363673580785
1970-01-01 00:00:00.000000157,0.5996005391997097,0.5975895507181994,0.6055108098076954,0.6045482135708096,0.09304636326419213
1970-01-01 00:00:00.000000158,0.6068397663467924,0.6026113626252778,0.6130563749851067,0.609062299229659,0.10692719705240175
1970-01-01 00:00:00.000000155,0.5807954605042054,0.5768329750749066,0.5596438848218189,0.5565965478434403,0.39973048580786025
1970-01-01 00:00:00.000000170,0.7135130166298951,0.7293271222860751,0.7188638870702103,0.7528319116510755,0.4641716703056768
1970-01-01 00:00:00.000000165,0.6652520525025212,0.6861399485571422,0.681220925667121,0.7076058002634711,0.30165034798034934
1970-01-01 00:00:00.000000161,0.6372108235568366,0.6740040521100146,0.6590928995723272,0.6782216160813943,0.19890147379912665
1970-01-01 00:00:00.000000162,0.6461973584191296,0.6658017508144543,0.6632471195558173,0.6670641541713476,0.19830700736899565
1970-01-01 00:00:00.000000165,0.6691628628675781,0.6625376113878478,0.6700296805770684,0.6712374805569348,0.11985193777292577
1970-01-01 00:00:00.000000166,0.6743218771381887,0.6728323130263605,0.662908049719721,0.694830056709387,0.20827903247816593
1970-01-01 00:00:00.000000167,0.6814778145118972,0.6743387799724949,0.6881729569231244,0.6939784184493984,0.09918463427947599
1970-01-01 00:00:00.000000170,0.7076884459689972,0.7046366960712513,0.7081814407841894,0.7028362101304664,0.15179448689956332
1970-01-01 00:00:00.000000168,0.6921284942821444,0.6911616327542387,0.7111488516580465,0.7070947913151611,0.07954933133187772
1970-01-01 00:00:00.000000168,0.6969546033914935,0.6956812890126056,0.7064009683865567,0.7104164794407597,0.0435367767467249
1970-01-01 00:00:00.000000167,0.6860541812672412,0.6886508545106813,0.6895294950006928,0.6988331334199267,0.1668071097161572
1970-01-01 00:00:00.000000168,0.6901314442129287,0.6838801204279585,0.6709622843345727,0.6667233948980851,0.17983675627729256
1970-01-01 00:00:00.000000169,0.7001164406267708,0.700368245347222,0.7116575210954869,0.7136530427288346,0.126953125
1970-01-01 00:00:00.000000171,0.7181726731586136,0.7120856361837626,0.7261551175289015,0.7209778075649729,0.14248686544759825
1970-01-01 00:00:00.000000173,0.7320684799375123,0.7327585617889307,0.7446375930776455,0.7436333606967447,0.15032921670305677
1970-01-01 00:00:00.000000175,0.7477117213977396,0.7423836799925008,0.7531157620125614,0.751213630007038,0.12142808406113537
1970-01-01 00:00:00.000000175,0.754867658771448,0.7633076834220247,0.7733785805923464,0.7683332095449245,0.10501074645196506
1970-01-01 00:00:00.000000176,0.762606116694305,0.758118443728715,0.7710894387572736,0.774380322048704,0.05754725027292576
1970-01-01 00:00:00.000000175,0.7503744548233604,0.7497488423569054,0.766002615016279,0.7721659066188329,0.06514311544759824
1970-01-01 00:00:00.000000172,0.7268264298257632,0.7589554549498887,0.7468418704287508,0.775828354017694,0.09196574781659389
1970-01-01 00:00:00.000000173,0.7388084763088207,0.7381988793065961,0.7527765628098736,0.7580273858948663,0.05399153930131004
1970-01-01 00:00:00.000000175,0.7505407804378732,0.7507532813643103,0.7588808547923401,0.7535133002360166,0.08810470114628821
1970-01-01 00:00:00.000000174,0.7463803546849292,0.7471542863652416,0.7618482656661972,0.7618600829687747,0.112126432860262
1970-01-01 00:00:00.000000171,0.7148443833427056,0.7335955730101045,0.7370071634162666,0.7599011720130588,0.10845899290393013
1970-01-01 00:00:00.000000171,0.7180895103513572,0.7155172033966002,0.7170835440391693,0.7314538808900783,0.2336653930131004
1970-01-01 00:00:00.000000172,0.723664465624368,0.7278205276299587,0.7316660049565517,0.7372454889197027,0.14684259006550218
1970-01-01 00:00:00.000000172,0.7288233529288608,0.7221292599979194,0.7378550320563947,0.7435482358592211,0.14190007505458516
1970-01-01 00:00:00.000000174,0.7423032187053595,0.7455640416710008,0.7551504397623227,0.7599011720130588,0.10086653930131004
1970-01-01 00:00:00.000000175,0.7532866766707502,0.7497488423569054,0.7705807693198333,0.7658631596793146,0.1109519991812227
1970-01-01 00:00:00.000000173,0.7343984351679895,0.755774965561407,0.7582874502375238,0.7756579743810628,0.08033655158296943
1970-01-01 00:00:00.000000174,0.7389748019233335,0.7489956088838383,0.7452309976324621,0.7579422610573427,0.11545698007641922
1970-01-01 00:00:00.000000175,0.752371377926458,0.7471542863652416,0.7537940310513457,0.7685887140190795,0.09636411708515283
1970-01-01 00:00:00.000000176,0.7621067589524126,0.7770338245633928,0.7736329153110667,0.7858785432320132,0.15030192412663754
1970-01-01 00:00:00.000000174,0.7402230058288874,0.7463174028540498,0.7632048037437659,0.7676518209599832,0.09101391921397378
1970-01-01 00:00:00.000000175,0.7537859074465247,0.7489956088838383,0.7570156472773314,0.7515543892803007,0.06670902701965065
1970-01-01 00:00:00.000000176,0.7575303921970686,0.7598761162091872,0.7626112698223578,0.7621157174045137,0.07997066048034934
1970-01-01 00:00:00.000000174,0.7396404852797387,0.7517575926617333,0.7565918423238588,0.7764244878035276,0.09917269377729257
1970-01-01 00:00:00.000000175,0.749708771466955,0.7509205814405595,0.7641374075012702,0.7613490740204649,0.08458992903930132
1970-01-01 00:00:00.000000178,0.7774172222174962,0.7807164696005862,0.7778719997785245,0.7752320902702765,0.41229359989082964
1970-01-01 00:00:00.000000178,0.7740056426282138,0.7810511974630667,0.7953370070857965,0.802146354548327,0.06870820824235807
1970-01-01 00:00:00.000000183,0.8140289180569562,0.8095077910432265,0.8016956337869833,0.79754701409037,0.11082065365720523
1970-01-01 00:00:00.000000182,0.8127808411175201,0.8113491135618232,0.8276388100291708,0.8231837559976458,0.08185128957423579
1970-01-01 00:00:00.000000184,0.8255117337642393,0.8242383711919996,0.8406952626342322,0.8363852537009322,0.07340679585152837
1970-01-01 00:00:00.000000181,0.7983856765967294,0.8165383532551327,0.8232302553269607,0.8375777811957674,0.16132044896288208
1970-01-01 00:00:00.000000182,0.8053752883559249,0.8060763515403706,0.8176346327819343,0.826590568960768,0.04916075327510916
1970-01-01 00:00:00.000000184,0.8240972042441728,0.8202209982923259,0.8198389101330391,0.8182437862280099,0.06081468340611354
1970-01-01 00:00:00.000000184,0.8289233133535219,0.8245730990544802,0.8405256630328887,0.8420918668546169,0.0
1970-01-01 00:00:00.000000189,0.8686969733943768,0.8644961333568066,0.8557863929890553,0.8506941540615303,0.09147618722707423
1970-01-01 00:00:00.000000188,0.8556331755863962,0.8587210879766607,0.872573131257543,0.8851034328507668,0.09205956604803492
1970-01-01 00:00:00.000000188,0.8552171076178781,0.8686809340427113,0.8805426307550185,0.888595500612996,0.041615208788209596
1970-01-01 00:00:00.000000190,0.8735229555376083,0.8719450734693175,0.8831708424261878,0.8787155610737245,0.04870360262008733
1970-01-01 00:00:00.000000184,0.8268431004770498,0.8644961333568066,0.8496821010065886,0.884677678701564,0.13120650245633186
1970-01-01 00:00:00.000000184,0.8226826747241058,0.8331101282125208,0.8446800123829704,0.844050777810333,0.10794469841703055
1970-01-01 00:00:00.000000185,0.8348310468216762,0.8425678186298597,0.8483255629290202,0.8426880006404507,0.053151439683406104
1970-01-01 00:00:00.000000183,0.8131136193126638,0.846250335957071,0.8351843752065825,0.8634698976156145,0.06864594705240173
1970-01-01 00:00:00.000000180,0.7889832007320356,0.8033143677624757,0.8057651186530973,0.826079560012458,0.08948553493449782
1970-01-01 00:00:00.000000176,0.7612747499814947,0.7945262607800794,0.7766850613022999,0.8172216383698061,0.12856168122270742
1970-01-01 00:00:00.000000176,0.7610251345936074,0.7760293855559881,0.7822806838473263,0.7912443971124354,0.07368825054585151
1970-01-01 00:00:00.000000180,0.7943917034244159,0.7962001555124447,0.8085629299256102,0.8058086719856046,0.11819561954148472
1970-01-01 00:00:00.000000180,0.7953901649759647,0.8038165234111874,0.8196693105316956,0.8182437862280099,0.2226954830786026
1970-01-01 00:00:00.000000171,0.7191712616762804,0.7417140965575582,0.7372616275015781,0.746273790198986,0.3355545510371179
1970-01-01 00:00:00.000000166,0.6746546553333324,0.7185302649988508,0.6980076639356086,0.7370752392446553,0.295185418941048
1970-01-01 00:00:00.000000166,0.6723248270689732,0.6739202743619082,0.671470953772013,0.6913379889471571,0.26520537663755456
1970-01-01 00:00:00.000000168,0.6933765712215805,0.6935051109215469,0.7047902249568595,0.705646889307755,0.08573024699781659
1970-01-01 00:00:00.000000169,0.6997003726582529,0.7002008175609908,0.7086053751042535,0.7176561194393742,0.07435180131004365
1970-01-01 00:00:00.000000170,0.7101014370406127,0.7254770494626506,0.7219160330614437,0.7432076065475426,0.13208754093886463
1970-01-01 00:00:00.000000169,0.7036111830233096,0.723803154730285,0.712335790134271,0.717741244276898,0.1218724413209607
1970-01-01 00:00:00.000000165,0.6694957680288396,0.6774354916128704,0.6766426419969752,0.6852908764433776,0.16109443231441048
1970-01-01 00:00:00.000000158,0.6078382278983412,0.6432875026906897,0.5940652299989225,0.5921130993284041,0.370058337882096
1970-01-01 00:00:00.000000157,0.5998501545875969,0.6109809639970873,0.6066130131665436,0.6247338467985555,0.33060265420305673
1970-01-01 00:00:00.000000158,0.6052587842460948,0.631151606243562,0.6240780204738156,0.6410867829523932,0.12705120769650655
1970-01-01 00:00:00.000000161,0.6309701849274205,0.6370940794099389,0.6388300809925419,0.6347840360128747,0.13080564274017467
1970-01-01 00:00:00.000000162,0.644616376318432,0.6379309629211307,0.629080109097434,0.63052545482818,0.15659286299126637
1970-01-01 00:00:00.000000161,0.6331335606111488,0.6472212255522387,0.6526494083871727,0.667490038282134,0.04821574781659388
1970-01-01 00:00:00.000000163,0.6486936392641196,0.6457984086442288,0.6622297806809366,0.6594838848610545,0.0708719978165939
1970-01-01 00:00:00.000000159,0.6171575409557781,0.6331603565483899,0.6176346586552525,0.6508814676925574,0.2588445005458515
1970-01-01 00:00:00.000000160,0.6248959988786353,0.6199363710557331,0.633743127884956,0.6346989111753512,0.18151439683406112
1970-01-01 00:00:00.000000162,0.6387086428502777,0.6485603924221237,0.6466299808886736,0.6429605690705855,0.1191193026746725
1970-01-01 00:00:00.000000165,0.669578930836096,0.6622028835253675,0.6731665616856778,0.6754109369041057,0.10383204830786025
1970-01-01 00:00:00.000000166,0.6738225193962963,0.6785235806583998,0.694870782826999,0.6892086983548098,0.06907921670305678
1970-01-01 00:00:00.000000165,0.6627558986236493,0.6635420503952527,0.6766426419969752,0.6743036642083782,0.10797540256550217
1970-01-01 00:00:00.000000163,0.6456981276433553,0.6697354736760035,0.665112327070826,0.6922748820062532,0.10448962882096069
1970-01-01 00:00:00.000000164,0.66084201136169,0.6579343050913562,0.669521011139628,0.6706413467711012,0.031673034934497815
1970-01-01 00:00:00.000000165,0.6653353422758956,0.6694007458135229,0.6748622989659342,0.6847798674950678,0.033674774836244536
1970-01-01 00:00:00.000000163,0.6530203906315764,0.6601104831824152,0.6748622989659342,0.6801805270371104,0.0134740038209607
1970-01-01 00:00:00.000000162,0.6377933441059853,0.6530800486804909,0.6500211967160033,0.6733667711492821,0.05258341293668123
1970-01-01 00:00:00.000000161,0.6288899720509484,0.6561767603208661,0.6391691508286385,0.6671492790088713,0.0806640625
1970-01-01 00:00:00.000000162,0.6422033852468165,0.6368430015855833,0.6513777347935717,0.6527552538107497,0.10133818913755457
1970-01-01 00:00:00.000000156,0.5921118236308578,0.621694043536205,0.6072064177213602,0.6450898596629329,0.24480758733624453
1970-01-01 00:00:00.000000155,0.5845398182886312,0.597840628542555,0.6027978630191498,0.6019930388676757,0.07771305267467249
1970-01-01 00:00:00.000000156,0.591113362079309,0.6016069236178729,0.6029673332539024,0.5989268552162323,0.07204046124454147
1970-01-01 00:00:00.000000150,0.5385255196183603,0.5880482102627358,0.5569309380332735,0.6074440175856217,0.23599549672489084
1970-01-01 00:00:00.000000148,0.5201365088913739,0.550970809776429,0.5286986199560127,0.5666467370577593,0.2474959061135371
1970-01-01 00:00:00.000000148,0.5197204409228557,0.5331436456972622,0.5381941277658092,0.5491014033706707,0.17805591566593887
1970-01-01 00:00:00.000000150,0.5405225696875757,0.5350686182539834,0.5312420965098058,0.544587317711821,0.16516784934497813
1970-01-01 00:00:00.000000154,0.5698951653460709,0.5628557561091825,0.5747350151766418,0.5776339492927587,0.16591242494541486
1970-01-01 00:00:00.000000156,0.5929439595678936,0.5926515165592274,0.596439236317963,0.5915168355809863,0.1650271219978166
1970-01-01 00:00:00.000000157,0.5979363942917557,0.5915634275136978,0.6082238859628323,0.6075291424231455,0.06940587472707424
1970-01-01 00:00:00.000000158,0.6084207484474902,0.6108135362108562,0.6233150163176552,0.6220935472578983,0.08932774972707422
1970-01-01 00:00:00.000000159,0.6124978844270597,0.6103950306002695,0.6251802238326639,0.6292479324574052,0.11458788209606988
1970-01-01 00:00:00.000000161,0.6318854836717129,0.6379309629211307,0.6484103239197146,0.6620390595641881,0.13941048034934497
1970-01-01 00:00:00.000000163,0.6439506929620269,0.6374288072724192,0.6545146159021814,0.6602503982835193,0.2614483829148471
1970-01-01 00:00:00.000000161,0.6294724926000972,0.6521593874211924,0.6512081351922278,0.667490038282134,0.11862718340611353
1970-01-01 00:00:00.000000161,0.6331335606111488,0.6331603565483899,0.6428995658586559,0.6562473215729796,0.11164369541484714
1970-01-01 00:00:00.000000160,0.6264769809793329,0.6297287893355523,0.6480712540836183,0.6429605690705855,0.07357993313318778
1970-01-01 00:00:00.000000162,0.6367947555883184,0.6403582188365453,0.6563798234171901,0.6614427958167706,0.08594773471615721
1970-01-01 00:00:00.000000163,0.6469462045827912,0.6539169321916827,0.6593472342910472,0.6543735354547873,0.09261735807860261
1970-01-01 00:00:00.000000165,0.6627558986236493,0.6576832272670006,0.664688392750762,0.6587173714385897,0.08675457150655022
1970-01-01 00:00:00.000000166,0.6722416642617168,0.6828758091305356,0.6758796378408148,0.6959373294051145,0.154339519650655
1970-01-01 00:00:00.000000165,0.6628390614309057,0.6691496679891673,0.6771513114344155,0.6851204968067464,0.06412134961790392
1970-01-01 00:00:00.000000165,0.6628390614309057,0.6617843779147807,0.6702840152957884,0.6680010472304438,0.041203261462882085
1970-01-01 00:00:00.000000166,0.6728240578447475,0.6750920134455622,0.6835099381356023,0.6990886378940817,0.07509978848253274
1970-01-01 00:00:00.000000162,0.6388749684647905,0.6771844137885146,0.6603645731659279,0.6961928338792693,0.10423205513100436
1970-01-01 00:00:00.000000163,0.6505242367527044,0.6457984086442288,0.6613819120408085,0.6639979705199042,0.10943129093886461
1970-01-01 00:00:00.000000161,0.6295556554073536,0.6467190699035272,0.6348453312438042,0.659824514172733,0.17859323826419216
1970-01-01 00:00:00.000000161,0.6313862528959384,0.6319049674266113,0.6404408244222392,0.6378502196643183,0.03327988537117904
1970-01-01 00:00:00.000000162,0.6410384711146369,0.6388516241804292,0.647562584646178,0.6485819274251627,0.043516307314410474
1970-01-01 00:00:00.000000164,0.6553503458620535,0.6583528107019432,0.6658753312269866,0.6614427958167706,0.0748328329694323
1970-01-01 00:00:00.000000164,0.6595107716149977,0.6704887071490706,0.6763035721608789,0.6797546429263241,0.08533279885371178
1970-01-01 00:00:00.000000164,0.6570144907700077,0.6547539434128564,0.6687580069834674,0.6690230651270637,0.05257147243449781
1970-01-01 00:00:00.000000162,0.6384589004962724,0.6595245497855973,0.6604493082833042,0.6792436339780141,0.09562039437772926
1970-01-01 00:00:00.000000162,0.64253616344196,0.6456311085679796,0.663162384438441,0.6576100987428621,0.08115788755458514
1970-01-01 00:00:00.000000163,0.647944793100458,0.6438734360875076,0.6592623698070795,0.6555659329880383,0.09129707969432313
1970-01-01 00:00:00.000000164,0.6568480381893769,0.6545028655885006,0.6623145157983129,0.6558214374621933,0.05395401200873362
1970-01-01 00:00:00.000000162,0.6372108235568366,0.6549213711990876,0.653412412543333,0.6709819760827798,0.0685589519650655
1970-01-01 00:00:00.000000162,0.636711592781062,0.6340810178076883,0.6456125126472015,0.6545439150914185,0.10380049126637553
1970-01-01 00:00:00.000000164,0.6579297895142999,0.6529962709323842,0.6660449308283306,0.6616983002909254,0.08176514737991267
1970-01-01 00:00:00.000000166,0.6699949988046141,0.679444241917698,0.6705383500145087,0.7049655007228137,0.18675371861353712
1970-01-01 00:00:00.000000169,0.6946246481610163,0.6930867330209418,0.6971597952954806,0.6962779587167931,0.2723022993995633
1970-01-01 00:00:00.000000173,0.7343984351679895,0.7905088878804054,0.756252643121171,0.8065751854080692,0.5002106645742357
1970-01-01 00:00:00.000000170,0.7065235318368175,0.7469869862889924,0.7303094668789832,0.7422707134884463,0.29447751774017467
1970-01-01 00:00:00.000000170,0.7080212241641408,0.7093237801158494,0.712335790134271,0.7162082174319682,0.18383597161572052
1970-01-01 00:00:00.000000168,0.6909635801499647,0.6960160168750862,0.7049596951916121,0.7150156899371329,0.09595558133187773
1970-01-01 00:00:00.000000169,0.6951240059029087,0.6943421221427206,0.7119965909315832,0.7107571087524382,0.06823144104803494
1970-01-01 00:00:00.000000175,0.7514560791821656,0.7479912975864154,0.7515048892162727,0.7479771966805471,0.20003240993449778
1970-01-01 00:00:00.000000180,0.7867365352749331,0.7826414421573076,0.7827893532847666,0.7787241580325064,0.12887895742358077
1970-01-01 00:00:00.000000177,0.7667665424472492,0.7811348475011914,0.7903349184621781,0.8063196809339146,0.10033518695414848
1970-01-01 00:00:00.000000179,0.7834082454590248,0.7782055636470471,0.7936413991721315,0.7886892224093018,0.06147908706331878
1970-01-01 00:00:00.000000180,0.7939756354558978,0.7944426107419549,0.8014412990682632,0.799250550533515,0.12701965065502183
1970-01-01 00:00:00.000000178,0.7711765835880804,0.7816371308598846,0.7942348037269481,0.8047015292514608,0.11038056086244541
1970-01-01 00:00:00.000000174,0.7437177482254262,0.7637261890326115,0.7584570498388675,0.7861340477061682,0.17710664574235807
1970-01-01 00:00:00.000000171,0.7180063475441008,0.7245563882033523,0.732174674393992,0.7473809329331296,0.1898753070414847
1970-01-01 00:00:00.000000174,0.7413879199610671,0.735436895528701,0.7464179361086868,0.7447406333924722,0.08498652429039302
1970-01-01 00:00:00.000000177,0.7648526551852899,0.7641445669332165,0.752013558653713,0.747295808095606,0.11252046943231442
1970-01-01 00:00:00.000000175,0.7470460380413344,0.7541847208671659,0.7538787661687217,0.7781278942850887,0.07467078329694324
1970-01-01 00:00:00.000000167,0.6775670041468405,0.7244727381652276,0.6684188077807797,0.7488288349405356,0.42211636872270736
1970-01-01 00:00:00.000000164,0.6536860739879817,0.6602779109686463,0.6701144156944444,0.6802657818362181,0.2419017808406113
1970-01-01 00:00:00.000000167,0.6777333297613533,0.6784399306202751,0.6846121414944507,0.6823098176294577,0.19525450327510918
1970-01-01 00:00:00.000000168,0.6899649916322981,0.6883997766863257,0.7013141446455621,0.6954263204568045,0.08737547762008732
1970-01-01 00:00:00.000000168,0.6908802903765905,0.6855540151603241,0.7050445596755798,0.7070947913151611,0.07696847707423579
1970-01-01 00:00:00.000000168,0.6885504621122311,0.6851355095497373,0.6977533292168886,0.7028362101304664,0.03424450736899563
1970-01-01 00:00:00.000000170,0.7096854960382128,0.7073150298110218,0.7097075784631016,0.7051358803594452,0.11554141648471616
1970-01-01 00:00:00.000000170,0.7084372921326587,0.7123367140081183,0.7290377932853823,0.728302572401111,0.10240345251091704
1970-01-01 00:00:00.000000173,0.7336494620382099,0.7310010170184404,0.7308181363164236,0.7254066384247149,0.1822888236899563
1970-01-01 00:00:00.000000172,0.7192544244835368,0.7406260075120288,0.7415854470864122,0.7612639491829412,0.09479138236899562
1970-01-01 00:00:00.000000174,0.7364786480444616,0.7324238339264504,0.7376006973376744,0.7329017828974844,0.0956971547489083
1970-01-01 00:00:00.000000174,0.741970313544098,0.7422999022443943,0.7527765628098736,0.7493399738504296,0.12919196915938863
1970-01-01 00:00:00.000000184,0.8235146836950238,0.8268329271836636,0.8155150905482053,0.8250575421158379,0.38014209197598253
1970-01-01 00:00:00.000000194,0.9086369590497452,0.904251739872902,0.8477321583742033,0.8460096887660489,0.49170987991266374
1970-01-01 00:00:00.000000191,0.8800133365210294,0.9006527448738331,0.9058924024423897,0.9285410129192861,0.2096018695414847
1970-01-01 00:00:00.000000189,0.8622067193770737,0.8801472470548957,0.88834253065115,0.8945574882792522,0.12709299945414845
1970-01-01 00:00:00.000000196,0.919121313205479,0.9326246834149368,0.9136074378545535,0.9103994154847797,0.2958924672489083
1970-01-01 00:00:00.000000194,0.9088034116303758,0.9528791034095179,0.9336159217156182,0.9477046282504122,0.28368842112445414
1970-01-01 00:00:00.000000187,0.8503909985085292,0.9158854806713177,0.8722340614214469,0.9304147990374785,0.20404612445414844
1970-01-01 00:00:00.000000188,0.8513062972528216,0.8826581530084352,0.8776600843651291,0.8998382173221506,0.18783348116812226
1970-01-01 00:00:00.000000190,0.8754368427995671,0.8814864139247811,0.8508690394828132,0.850012765476589,0.45391648471615714
1970-01-01 00:00:00.000000194,0.9022299948058161,0.8999832891488719,0.8926663502359845,0.9082701248924323,0.13162612581877728
1970-01-01 00:00:00.000000195,0.9145448194840176,0.9084365405588066,0.9234421448670379,0.9271782357494038,0.0013748635371179097
1970-01-01 00:00:00.000000195,0.9103012309238168,0.9137930803283651,0.9285290979746238,0.9298185352900612,0.015390454421397387
1970-01-01 00:00:00.000000192,0.8866699161528455,0.9018246116674689,0.8969054347034423,0.9281151288084999,0.07376927538209607
1970-01-01 00:00:00.000000190,0.8740223132795009,0.8786407801087615,0.8839338465823482,0.884251794590778,0.03430847434497816
1970-01-01 00:00:00.000000188,0.8578798410434989,0.8737027459497895,0.8787621583573862,0.8951537520266697,0.06161981441048034
1970-01-01 00:00:00.000000188,0.8589614654023041,0.87403747381227,0.8701992543050939,0.8914913046278088,0.08638697461790393
1970-01-01 00:00:00.000000191,0.8785986800348446,0.8841647476645516,0.8912250770410391,0.8976236719306956,0.07125153520742358
1970-01-01 00:00:00.000000196,0.9208686209206898,0.9260964045617239,0.9240356787884455,0.9198534709132651,0.16479172352620086
1970-01-01 00:00:00.000000195,0.9093859321795248,0.9493638861585558,0.9303943054896323,0.9465122307171614,0.13855332287117902
1970-01-01 00:00:00.000000193,0.896571749759431,0.9099430075049408,0.9115727601047922,0.90784437074323,0.12471598662663755
1970-01-01 00:00:00.000000191,0.8806788929113165,0.9118681077716437,0.8940228883135525,0.9225790252530304,0.1400714724344978
1970-01-01 00:00:00.000000190,0.8721084260175416,0.8671743393865947,0.8690123158288695,0.8865514648197566,0.09877865720524018
1970-01-01 00:00:00.000000189,0.8608753526642632,0.8738700460260387,0.8770665504437208,0.8965165291965522,0.05912936681222708
1970-01-01 00:00:00.000000195,0.9098851629552989,0.910528940901759,0.9071640760359906,0.9122732016029724,0.09837182723799126
1970-01-01 00:00:00.000000192,0.8879181200583992,0.9031636508273719,0.9152183106508419,0.9212162480831478,0.06459214656113538
1970-01-01 00:00:00.000000195,0.9136295207397249,0.9178104532280387,0.9231878101483176,0.9415722609475252,0.14919657478165937
1970-01-01 00:00:00.000000197,0.9306872917200188,0.960160615735798,0.9581178247628616,0.9632059261442614,0.16826896834061134
1970-01-01 00:00:00.000000197,0.9333498981795216,0.9450116576864196,0.955235278372972,0.9631206713451534,0.1361089314956332
1970-01-01 00:00:00.000000197,0.9301047711708699,0.9435051907402854,0.9354811292306272,0.9552848975607056,0.14251245223799125
1970-01-01 00:00:00.000000199,0.9486603614446052,0.9485268749373823,0.9592200281217097,0.9549442682490266,0.11629537390829695
1970-01-01 00:00:00.000000191,0.8787651326154751,0.9148811693738947,0.8975837037422262,0.9064815935733475,0.2685487172489083
1970-01-01 00:00:00.000000194,0.907804950078827,0.9031636508273719,0.8971597694221624,0.9093773975881598,0.11868688591703055
1970-01-01 00:00:00.000000194,0.9087202488231192,0.9141278081908457,0.9204747339931808,0.9333106030522904,0.06802845251091702
1970-01-01 00:00:00.000000200,0.9541520269442416,0.9527116756232872,0.9564222168491966,0.9540925000274543,0.12036537936681221
1970-01-01 00:00:00.000000203,0.9803627853674595,0.9868596645454675,0.991437095947708,0.988161149505012,0.1859298239628821
1970-01-01 00:00:00.000000200,0.9571475385650059,0.9723802899310321,0.9770242346316692,0.9770036875949653,0.15007676037117904
1970-01-01 00:00:00.000000205,1.0,0.9999999999999998,0.9999999999999999,1.0,0.2866940161026201
1970-01-01 00:00:00.000000190,0.8747711594431622,0.880314674841127,0.874692673491272,0.8950686271891459,0.5128599208515283
1970-01-01 00:00:00.000000191,0.8770178249002647,0.8748744850334433,0.8805426307550185,0.8816966198876441,0.1625213223253275
1970-01-01 00:00:00.000000184,0.8249292132150909,0.8671743393865947,0.8340823012143258,0.8948982475525147,0.3332500341157205
1970-01-01 00:00:00.000000186,0.8343318160459019,0.8422329630573973,0.8562950624264959,0.8633847727780903,0.10971189274017468
1970-01-01 00:00:00.000000184,0.8247628876005777,0.8316873113045107,0.8428995399853377,0.8436248936995467,0.09379605622270742
1970-01-01 00:00:00.000000183,0.8105341756604176,0.8163709254689018,0.8221280519681123,0.8282088506048053,0.10090150791484714
1970-01-01 00:00:00.000000185,0.8315859198130247,0.8261633437487208,0.8332344325741973,0.8375777811957674,0.09518627183406114
1970-01-01 00:00:00.000000184,0.8240139144707981,0.827167655046144,0.8432387391880255,0.8438803981737015,0.08704881959606986
1970-01-01 00:00:00.000000183,0.8118655423732275,0.8234851377189323,0.821365047811952,0.8484797386316589,0.16780328875545852
1970-01-01 00:00:00.000000184,0.8243468196320596,0.8193003370330276,0.8370495827215915,0.8354484906034201,0.07938131140829693
1970-01-01 00:00:00.000000184,0.8184389591977872,0.8180448202012667,0.8296736171455238,0.8416659827438309,0.08698996997816594
1970-01-01 00:00:00.000000179,0.7776668376053835,0.818295898025623,0.7988130873970939,0.844646911596167,0.21285736217248907
1970-01-01 00:00:00.000000178,0.7742552580161011,0.799715372763407,0.7972022146008052,0.8177327772797003,0.16727023062227075
1970-01-01 00:00:00.000000175,0.7423863815126159,0.7630566055976689,0.7615939309474772,0.7840898819513444,0.2701223048580786
1970-01-01 00:00:00.000000172,0.7200032706471984,0.7407934352982599,0.7352268203852254,0.7587940292789153,0.21483692685589517
1970-01-01 00:00:00.000000168,0.6848061043278053,0.7280716054543144,0.7043662906367955,0.7495954783245846,0.2537262895742358
1970-01-01 00:00:00.000000169,0.6996172098509963,0.6950117055776632,0.6944468485069349,0.7043692369753962,0.32314836926855894
1970-01-01 00:00:00.000000166,0.6724079898762296,0.718111759388264,0.6873250882829963,0.7320500146759119,0.2603745906113537
1970-01-01 00:00:00.000000170,0.7049425497361199,0.7174421759533214,0.6862230142907394,0.6835874699618165,0.29975692549126637
1970-01-01 00:00:00.000000172,0.722416388684932,0.7215433266011015,0.7138617984465919,0.7200409145058766,0.17665802401746722
1970-01-01 00:00:00.000000171,0.7168414334119211,0.7301640057972669,0.7260703824115254,0.7201260393434001,0.15403162527292574
1970-01-01 00:00:00.000000173,0.7294058734780096,0.7315031726671519,0.7241204397791402,0.7263435314838109,0.14621741948689956
1970-01-01 00:00:00.000000165,0.662922224238162,0.6770171137122654,0.6683340726634034,0.7007920443756428,0.28454131413755457
1970-01-01 00:00:00.000000163,0.647695050746453,0.662705039174079,0.6486646586384349,0.6722596284151385,0.2502840133733624
1970-01-01 00:00:00.000000166,0.6732401258132656,0.6701539792865903,0.666977534585835,0.6864832739766289,0.15463206195414847
1970-01-01 00:00:00.000000162,0.6370443709762057,0.6575159271907514,0.6549385502222455,0.6818839335186715,0.183492255731441
1970-01-01 00:00:00.000000165,0.6597603870028848,0.6605289887930019,0.6578210966121348,0.6582914873278032,0.18553664028384276
1970-01-01 00:00:00.000000164,0.6497752636229248,0.6589387440987611,0.6681644730620594,0.6732816463117584,0.17861456058951963
1970-01-01 00:00:00.000000160,0.6196538218007681,0.6417810357445553,0.6092412248377129,0.6617834251284491,0.2714988741812227
1970-01-01 00:00:00.000000163,0.6464469738070169,0.6553397490996924,0.6455277775298253,0.6454304889746114,0.20498004230349343
1970-01-01 00:00:00.000000162,0.6373772761374672,0.647137575514114,0.6451887076937289,0.643812337292158,0.15263714519650654
1970-01-01 00:00:00.000000163,0.6472791097440529,0.6416973857064305,0.6445951737723209,0.6407461536407144,0.22502473389737992
1970-01-01 00:00:00.000000167,0.6779829451492405,0.6758453746286113,0.680627391745713,0.6906567303237998,0.17601153111353712
1970-01-01 00:00:00.000000170,0.7019470381153556,0.6951791333638941,0.7075880362293728,0.7069244116785298,0.11882761326419214
1970-01-01 00:00:00.000000164,0.6561823548329717,0.6866421042058537,0.6780839151919199,0.7070947913151611,0.15914557177947597
1970-01-01 00:00:00.000000162,0.632717619608749,0.6515734540243745,0.6540059464647411,0.6698748333486362,0.1216754230349345
1970-01-01 00:00:00.000000154,0.5668996537253066,0.6214429657118492,0.5830437138768051,0.6346137863378274,0.327742903930131
1970-01-01 00:00:00.000000154,0.569479097377553,0.5688817516037021,0.5578635417907779,0.5717570864640267,0.3783552811135371
1970-01-01 00:00:00.000000156,0.589698832559242,0.5903080383919193,0.5829588493928374,0.5761007924862449,0.174252865720524
1970-01-01 00:00:00.000000156,0.589449090205237,0.5929025943835831,0.5921152873665375,0.589132040514484,0.12622475436681221
1970-01-01 00:00:00.000000150,0.5368613747104061,0.5457816977931012,0.5555743999557049,0.5547227617252477,0.3125110876091703
1970-01-01 00:00:00.000000145,0.4942586556294175,0.5314697509648967,0.5130988201637497,0.5283195063955071,0.44365277019650656
1970-01-01 00:00:00.000000146,0.5038275840747415,0.5463676311899193,0.47197964908277157,0.4732987102677384,0.5676173580786026
1970-01-01 00:00:00.000000144,0.48676981309444733,0.5412621692447162,0.493175071420061,0.555659654784344,0.3578577033296943
1970-01-01 00:00:00.000000158,0.6033450239502536,0.6024439348390467,0.5006359014800962,0.497742924680179,0.5131354052947599
1970-01-01 00:00:00.000000152,0.5543352136592181,0.5871275490034373,0.5516743853243434,0.600970891009472,0.32222212745633183
1970-01-01 00:00:00.000000156,0.590281226142273,0.5867090433928506,0.576176417738178,0.5699684251833579,0.19952664437772927
1970-01-01 00:00:00.000000158,0.6063405355710181,0.6206059544906757,0.6163628556950603,0.6304403299906562,0.17135388236899562
1970-01-01 00:00:00.000000156,0.5833749041564518,0.6032808183502385,0.596439236317963,0.6230304403169944,0.14763066320960697
1970-01-01 00:00:00.000000153,0.5585788022194185,0.5718111631678282,0.5650699077655014,0.5716719616265029,0.15305420987991267
1970-01-01 00:00:00.000000150,0.5405225696875757,0.5616838893155465,0.5395506658433779,0.5818072756783459,0.19357600982532752
1970-01-01 00:00:00.000000147,0.5114827522242242,0.5137261092138727,0.5192031121462165,0.5357295260307529,0.13481679858078602
1970-01-01 00:00:00.000000151,0.5431020133398221,0.5408436636341292,0.5398897356794742,0.5358146508682766,0.14268644241266376
1970-01-01 00:00:00.000000155,0.5753869578118254,0.5855373043091965,0.5845697221891261,0.5930499923875001,0.1781412049672489
1970-01-01 00:00:00.000000159,0.6080878432862284,0.602778662701527,0.6013564604576137,0.5976492028838736,0.30407256413755457
1970-01-01 00:00:00.000000161,0.6303877913443896,0.6572648493663955,0.6458668473659216,0.6736224055850211,0.39055591566593884
1970-01-01 00:00:00.000000160,0.6191545910249936,0.632574423151572,0.6251802238326639,0.6511369721667124,0.16634569459606985
1970-01-01 00:00:00.000000159,0.6154102332405678,0.6124037809050971,0.6160237858589638,0.6331658843304213,0.14129793258733625
1970-01-01 00:00:00.000000158,0.6040938701139154,0.6001004566717385,0.5980499797476603,0.6132356256152462,0.21099720251091703
1970-01-01 00:00:00.000000161,0.6248959988786353,0.6225309270473969,0.6278084355038333,0.6342730270645649,0.17024682723799128
1970-01-01 00:00:00.000000163,0.6476118879391966,0.6478071589490566,0.6529037431058927,0.6594838848610545,0.13196728302401747
1970-01-01 00:00:00.000000164,0.6491097072326377,0.6513223762000189,0.6601102384472076,0.6559918170988246,0.09466856577510915
1970-01-01 00:00:00.000000163,0.6409551813412624,0.6463843420410469,0.647138650326114,0.6489225567368413,0.0941175968886463
1970-01-01 00:00:00.000000151,0.5423531671761606,0.6480582367734122,0.5339550432983514,0.6651903680531552,0.9999999999999998
1970-01-01 00:00:00.000000154,0.5664835857567885,0.5721458910303086,0.5768545574103706,0.5878545181437091,0.4030482396288209
1970-01-01 00:00:00.000000152,0.5537526931100694,0.5647807286659037,0.5709198650292479,0.5807852577817258,0.1892842521834061
1970-01-01 00:00:00.000000158,0.6012648110737817,0.5986776397637288,0.6052564750889752,0.609062299229659,0.2891025859716157
1970-01-01 00:00:00.000000159,0.6101680561627005,0.6109809639970873,0.6044934709328148,0.6201345063405983,0.27411981441048033
1970-01-01 00:00:00.000000165,0.6587617984852181,0.6647974395170315,0.633743127884956,0.6300997006789777,0.32848150927947595
1970-01-01 00:00:00.000000163,0.6470294943561656,0.658185510625694,0.6571428275733507,0.6801805270371104,0.1953517330786026
1970-01-01 00:00:00.000000165,0.6655849576637829,0.6844660538247767,0.684696876611827,0.6962779587167931,0.27808406113537115
1970-01-01 00:00:00.000000166,0.6684971795111729,0.6617843779147807,0.6728274918495815,0.6688526854904324,0.17214792576419213
1970-01-01 00:00:00.000000163,0.6471958199706784,0.6773518415747457,0.6616362467595286,0.6852056216442699,0.3101596615720524
1970-01-01 00:00:00.000000168,0.6853053351035796,0.7161867868315428,0.667231869304555,0.6618686799275568,0.5388057792030567
1970-01-01 00:00:00.000000170,0.704526481767602,0.7465684806784056,0.7278508548091579,0.7313687560525546,0.5511590816048035
1970-01-01 00:00:00.000000168,0.684556488939918,0.6895715157699798,0.7039423563167314,0.7076058002634711,0.21296141512008732
1970-01-01 00:00:00.000000172,0.7214178001672651,0.7164378646558984,0.7218312979440674,0.716974730854433,0.2367085152838428
1970-01-01 00:00:00.000000172,0.7169245962191775,0.7340140786206912,0.7380246316577385,0.7425262179626013,0.20931615038209606
1970-01-01 00:00:00.000000171,0.7127641704662335,0.7268998663706603,0.7271725857703736,0.7496806031621082,0.16317293258733623
1970-01-01 00:00:00.000000171,0.7117657089146847,0.7084031188565512,0.7001272061693377,0.7271101748678599,0.3616078739082969
