Price,Adj Close,Close,High,Low,Open,Volume
Ticker,AAPL,AAPL,AAPL,AAPL,AAPL,AAPL
Date,Close,High,Low,Open,Volume
2023-01-03,123.47061920166016,125.06999969482422,130.89999389648438,124.16999816894531,130.27999877929688,112117500
2023-01-04,124.7441177368164,126.36000061035156,128.66000366210938,125.08000183105469,126.88999938964844,89113600
2023-01-05,123.42125701904297,125.0199966430664,127.7699966430664,124.76000213623047,127.12999725341797,80962700
2023-01-06,127.96240997314453,129.6199951171875,130.2899932861328,124.88999938964844,126.01000213623047,87754700
2023-01-09,128.48562622070312,130.14999389648438,133.41000366210938,129.88999938964844,130.47000122070312,70790800
2023-01-10,129.0582275390625,130.72999572753906,131.25999450683594,128.1199951171875,130.25999450683594,63896200
2023-01-11,131.782958984375,133.49000549316406,133.50999450683594,130.4600067138672,131.25,69458900
2023-01-12,131.70394897460938,133.41000366210938,134.25999450683594,131.44000244140625,133.8800048828125,71379600
2023-01-13,133.03671264648438,134.75999450683594,134.9199981689453,131.66000366210938,132.02999877929688,57809700
2023-01-17,134.2016143798828,135.94000244140625,137.2899932861328,134.1300048828125,134.8300018310547,63646600
2023-01-18,133.48094177246094,135.2100067138672,138.61000061035156,135.02999877929688,136.82000732421875,69672800
2023-01-19,133.54017639160156,135.27000427246094,136.25,133.77000427246094,134.0800018310547,58280400
2023-01-20,136.10691833496094,137.8699951171875,138.02000427246094,134.22000122070312,135.27999877929688,80223600
2023-01-23,139.30551147460938,141.11000061035156,143.32000732421875,137.89999389648438,138.1199951171875,81760300
2023-01-24,140.7073516845703,142.52999877929688,143.16000366210938,140.3000030517578,140.30999755859375,66435100
2023-01-25,140.0458984375,141.86000061035156,142.42999267578125,138.80999755859375,140.88999938964844,65799300
2023-01-26,142.11903381347656,143.9600067138672,144.25,141.89999389648438,143.1699981689453,54105100
2023-01-27,144.0638885498047,145.92999267578125,147.22999572753906,143.0800018310547,143.16000366210938,70555800
2023-01-30,141.1713409423828,143.0,145.5500030517578,142.85000610351562,144.9600067138672,64015300
2023-01-31,142.44483947753906,144.2899932861328,144.33999633789062,142.27999877929688,142.6999969482422,65874500
2023-02-01,143.5702667236328,145.42999267578125,146.61000061035156,141.32000732421875,143.97000122070312,77663600
2023-02-02,148.89132690429688,150.82000732421875,151.17999267578125,148.1699981689453,148.89999389648438,118339000
2023-02-03,152.52427673339844,154.5,157.3800048828125,147.8300018310547,148.02999877929688,154357300
2023-02-06,149.7896728515625,151.72999572753906,153.10000610351562,150.77999877929688,152.57000732421875,69858300
2023-02-07,152.67236328125,154.64999389648438,155.22999572753906,150.63999938964844,150.63999938964844,83322600
2023-02-08,149.97726440429688,151.9199981689453,154.5800018310547,151.1699981689453,153.8800048828125,64120100
2023-02-09,148.94070434570312,150.8699951171875,154.3300018310547,150.4199981689453,153.77999877929688,56007100
2023-02-10,149.3065185546875,151.00999450683594,151.33999633789062,149.22000122070312,149.4600067138672,57450700
2023-02-13,152.11448669433594,153.85000610351562,154.25999450683594,150.9199981689453,150.9499969482422,62199000
2023-02-14,151.4718017578125,153.1999969482422,153.77000427246094,150.86000061035156,152.1199951171875,61707600
2023-02-15,153.57777404785156,155.3300018310547,155.5,152.8800048828125,153.11000061035156,65573800
2023-02-16,151.97607421875,153.7100067138672,156.3300018310547,153.35000610351562,153.50999450683594,68167900
2023-02-17,150.8291473388672,152.5500030517578,153.0,150.85000610351562,152.35000610351562,59144100
2023-02-21,146.8050537109375,148.47999572753906,151.3000030517578,148.41000366210938,150.1999969482422,58867200
2023-02-22,147.23019409179688,148.91000366210938,149.9499969482422,147.16000366210938,148.8699951171875,51011300
2023-02-23,147.7146759033203,149.39999389648438,150.33999633789062,147.24000549316406,150.08999633789062,48394200
2023-02-24,145.05503845214844,146.7100067138672,147.19000244140625,145.72000122070312,147.11000061035156,55469600
2023-02-27,146.2513885498047,147.9199981689453,149.1699981689453,147.4499969482422,147.7100067138672,44998500
2023-02-28,145.7471160888672,147.41000366210938,149.0800018310547,146.8300018310547,147.0500030517578,50547000
2023-03-01,143.6708221435547,145.30999755859375,147.22999572753906,145.00999450683594,146.8300018310547,55479000
2023-03-02,144.2640380859375,145.91000366210938,146.7100067138672,143.89999389648438,144.3800048828125,52238100
2023-03-03,149.32627868652344,151.02999877929688,151.11000061035156,147.3300018310547,148.0399932861328,70732300
2023-03-06,152.09471130371094,153.8300018310547,156.3000030517578,153.4600067138672,153.7899932861328,87558000
2023-03-07,149.889892578125,151.60000610351562,154.02999877929688,151.1300048828125,153.6999969482422,56182000
2023-03-08,151.1455535888672,152.8699951171875,153.47000122070312,151.8300018310547,152.80999755859375,47204800
2023-03-09,148.89126586914062,150.58999633789062,154.5399932861328,150.22999572753906,153.55999755859375,53833600
2023-03-10,146.8248291015625,148.5,150.94000244140625,147.61000061035156,150.2100067138672,68572400
2023-03-13,148.77259826660156,150.47000122070312,153.13999938964844,147.6999969482422,147.80999755859375,84457100
2023-03-14,150.86871337890625,152.58999633789062,153.39999389648438,150.10000610351562,151.27999877929688,73695900
2023-03-15,151.26419067382812,152.99000549316406,153.25,149.9199981689453,151.19000244140625,77167900
2023-03-16,154.09193420410156,155.85000610351562,156.4600067138672,151.63999938964844,152.16000366210938,76161100
2023-03-17,153.2515106201172,155.0,156.74000549316406,154.27999877929688,156.0800018310547,98944600
2023-03-20,155.62442016601562,157.39999389648438,157.82000732421875,154.14999389648438,155.07000732421875,73641400
2023-03-21,157.4832000732422,159.27999877929688,159.39999389648438,156.5399932861328,157.32000732421875,73938300
2023-03-22,156.04959106445312,157.8300018310547,162.13999938964844,157.80999755859375,159.3000030517578,75701800
2023-03-23,157.13717651367188,158.92999267578125,161.5500030517578,157.67999267578125,158.8300018310547,67622100
2023-03-24,158.44229125976562,160.25,160.33999633789062,157.85000610351562,158.86000061035156,59196500
2023-03-27,156.4945068359375,158.27999877929688,160.77000427246094,157.8699951171875,159.94000244140625,52390300
2023-03-28,155.87159729003906,157.64999389648438,158.49000549316406,155.97999572753906,157.97000122070312,45992200
2023-03-29,158.9564208984375,160.77000427246094,161.0500030517578,159.35000610351562,159.3699951171875,51305700
2023-03-30,160.5284881591797,162.36000061035156,162.47000122070312,161.27000427246094,161.52999877929688,49501700
2023-03-31,163.03981018066406,164.89999389648438,165.0,161.91000366210938,162.44000244140625,68749800
2023-04-03,164.2955322265625,166.1699981689453,166.2899932861328,164.22000122070312,164.27000427246094,56976200
2023-04-04,163.76161193847656,165.6300048828125,166.83999633789062,165.11000061035156,166.60000610351562,46278300
2023-04-05,161.91270446777344,163.75999450683594,165.0500030517578,161.8000030517578,164.74000549316406,51511700
2023-04-06,162.8025360107422,164.66000366210938,164.9600067138672,162.0,162.42999267578125,45390100
2023-04-10,160.2021942138672,162.02999877929688,162.02999877929688,160.0800018310547,161.4199981689453,47716900
2023-04-11,158.98606872558594,160.8000030517578,162.36000061035156,160.50999450683594,162.35000610351562,47644200
2023-04-12,158.29397583007812,160.10000610351562,162.05999755859375,159.77999877929688,161.22000122070312,50133100
2023-04-13,163.69236755371094,165.55999755859375,165.8000030517578,161.4199981689453,161.6300048828125,68445600
2023-04-14,163.34632873535156,165.2100067138672,166.32000732421875,163.82000732421875,164.58999633789062,49386500
2023-04-17,163.3660888671875,165.22999572753906,165.38999938964844,164.02999877929688,165.08999633789062,41516200
2023-04-18,164.59210205078125,166.47000122070312,167.41000366210938,165.64999389648438,166.10000610351562,49923000
2023-04-19,165.7390594482422,167.6300048828125,168.16000366210938,165.5399932861328,165.8000030517578,47720200
2023-04-20,164.77008056640625,166.64999389648438,167.8699951171875,165.55999755859375,166.08999633789062,52456400
2023-04-21,163.15847778320312,165.02000427246094,166.4499969482422,164.49000549316406,165.0500030517578,58337300
2023-04-24,163.46498107910156,165.3300018310547,165.60000610351562,163.88999938964844,165.0,41949600
2023-04-25,161.92257690429688,163.77000427246094,166.30999755859375,163.72999572753906,165.19000244140625,48714100
2023-04-26,161.91270446777344,163.75999450683594,165.27999877929688,162.8000030517578,163.05999755859375,45498800
2023-04-27,166.51025390625,168.41000366210938,168.55999755859375,165.19000244140625,165.19000244140625,64902300
2023-04-28,167.76589965820312,169.67999267578125,169.85000610351562,167.8800048828125,168.49000549316406,55209200
2023-05-01,167.6769256591797,169.58999633789062,170.4499969482422,168.63999938964844,169.27999877929688,52472900
2023-05-02,166.63876342773438,168.5399932861328,170.35000610351562,167.5399932861328,170.08999633789062,48425700
2023-05-03,165.56105041503906,167.4499969482422,170.9199981689453,167.16000366210938,169.5,65136000
2023-05-04,163.91976928710938,165.7899932861328,167.0399932861328,164.30999755859375,164.88999938964844,81235400
2023-05-05,171.61204528808594,173.57000732421875,174.3000030517578,170.75999450683594,170.97999572753906,113316400
2023-05-08,171.54281616210938,173.5,173.85000610351562,172.11000061035156,172.47999572753906,55962800
2023-05-09,169.8323516845703,171.77000427246094,173.5399932861328,171.60000610351562,173.0500030517578,45326900
2023-05-10,171.6021270751953,173.55999755859375,174.02999877929688,171.89999389648438,173.02000427246094,53724500
2023-05-11,171.79000854492188,173.75,174.58999633789062,172.1699981689453,173.85000610351562,49514700
2023-05-12,170.85934448242188,172.57000732421875,174.05999755859375,171.0,173.6199951171875,45497800
2023-05-15,170.36428833007812,172.07000732421875,173.2100067138672,171.47000122070312,173.16000366210938,37266700
2023-05-16,170.36428833007812,172.07000732421875,173.13999938964844,171.8000030517578,171.99000549316406,42110300
2023-05-17,170.97811889648438,172.69000244140625,172.92999267578125,170.4199981689453,171.7100067138672,57951600
2023-05-18,173.31472778320312,175.0500030517578,175.24000549316406,172.5800018310547,173.0,65496700
2023-05-19,173.4236297607422,175.16000366210938,176.38999938964844,174.94000244140625,176.38999938964844,55772400
2023-05-22,172.47314453125,174.1999969482422,174.7100067138672,173.4499969482422,173.97999572753906,43570900
2023-05-23,169.8593292236328,171.55999755859375,173.3800048828125,171.27999877929688,173.1300048828125,50747300
2023-05-24,170.13653564453125,171.83999633789062,172.4199981689453,170.52000427246094,171.08999633789062,45143500
2023-05-25,171.27517700195312,172.99000549316406,173.89999389648438,171.69000244140625,172.41000366210938,56058300
2023-05-26,173.6909637451172,175.42999267578125,175.77000427246094,173.11000061035156,173.32000732421875,54835000
2023-05-30,175.54241943359375,177.3000030517578,178.99000549316406,176.57000732421875,176.9600067138672,55964400
2023-05-31,175.492919921875,177.25,179.35000610351562,176.75999450683594,177.3300018310547,99625300
2023-06-01,178.30477905273438,180.08999633789062,180.1199951171875,176.92999267578125,177.6999969482422,68901800
2023-06-02,179.15621948242188,180.9499969482422,181.77999877929688,179.25999450683594,181.02999877929688,61945900
2023-06-05,177.7998046875,179.5800018310547,184.9499969482422,178.0399932861328,182.6300048828125,121946500
2023-06-06,177.4335174560547,179.2100067138672,180.1199951171875,177.42999267578125,179.97000122070312,64848400
2023-06-07,176.05726623535156,177.82000732421875,181.2100067138672,177.32000732421875,178.44000244140625,61944600
2023-06-08,178.77999877929688,180.57000732421875,180.83999633789062,177.4600067138672,177.89999389648438,50214900
2023-06-09,179.16615295410156,180.9600067138672,182.22999572753906,180.6300048828125,181.5,48870700
2023-06-12,181.9680938720703,183.7899932861328,183.88999938964844,180.97000122070312,181.27000427246094,54274900
2023-06-13,181.49282836914062,183.30999755859375,184.14999389648438,182.44000244140625,182.8000030517578,54929100
2023-06-14,182.1265106201172,183.9499969482422,184.38999938964844,182.02000427246094,183.3699951171875,57462900
2023-06-15,184.1660614013672,186.00999450683594,186.52000427246094,183.77999877929688,183.9600067138672,65433200
2023-06-16,183.08688354492188,184.9199981689453,186.99000549316406,184.27000427246094,186.72999572753906,101235600
2023-06-20,183.17601013183594,185.00999450683594,186.10000610351562,184.41000366210938,184.41000366210938,49799100
2023-06-21,182.13641357421875,183.9600067138672,185.41000366210938,182.58999633789062,184.89999389648438,49515700
2023-06-22,185.146240234375,187.0,187.0500030517578,183.6699981689453,183.74000549316406,51245300
2023-06-23,184.8294219970703,186.67999267578125,187.55999755859375,185.00999450683594,185.5500030517578,53079300
2023-06-26,183.43341064453125,185.27000427246094,188.0500030517578,185.22999572753906,186.8300018310547,48088700
2023-06-27,186.1957550048828,188.05999755859375,188.38999938964844,185.6699981689453,185.88999938964844,50730800
2023-06-28,187.3739471435547,189.25,189.89999389648438,187.60000610351562,187.92999267578125,51216800
2023-06-29,187.71058654785156,189.58999633789062,190.07000732421875,188.94000244140625,189.0800018310547,46347300
2023-06-30,192.0471649169922,193.97000122070312,194.47999572753906,191.25999450683594,191.6300048828125,85069600
2023-07-03,190.55215454101562,192.4600067138672,193.8800048828125,191.75999450683594,193.77999877929688,31458200
2023-07-05,189.43336486816406,191.3300018310547,192.97999572753906,190.6199951171875,191.57000732421875,46920300
2023-07-06,189.9085693359375,191.80999755859375,192.02000427246094,189.1999969482422,189.83999633789062,45094300
2023-07-07,188.78977966308594,190.67999267578125,192.6699981689453,190.24000549316406,191.41000366210938,46778000
2023-07-10,186.74029541015625,188.61000061035156,189.99000549316406,187.0399932861328,189.25999450683594,59922200
2023-07-11,186.21556091308594,188.0800018310547,189.3000030517578,186.60000610351562,189.16000366210938,46638100
2023-07-12,187.88880920410156,189.77000427246094,191.6999969482422,188.47000122070312,189.67999267578125,60750200
2023-07-13,188.6511688232422,190.5399932861328,191.19000244140625,189.77999877929688,190.5,41342300
2023-07-14,188.7996826171875,190.69000244140625,191.17999267578125,189.6300048828125,190.22999572753906,41573900
2023-07-17,192.06695556640625,193.99000549316406,194.32000732421875,191.80999755859375,191.89999389648438,50520200
2023-07-18,191.8095245361328,193.72999572753906,194.3300018310547,192.4199981689453,193.35000610351562,48353800
2023-07-19,193.16598510742188,195.10000610351562,198.22999572753906,192.64999389648438,193.10000610351562,80507300
2023-07-20,191.2154998779297,193.1300048828125,196.47000122070312,192.5,195.08999633789062,59581200
2023-07-21,190.0373077392578,191.94000244140625,194.97000122070312,191.22999572753906,194.10000610351562,71917800
2023-07-24,190.83929443359375,192.75,194.91000366210938,192.25,193.41000366210938,45377800
2023-07-25,191.7006378173828,193.6199951171875,194.44000244140625,192.9199981689453,193.3300018310547,37283200
2023-07-26,192.57188415527344,194.5,195.63999938964844,193.32000732421875,193.6699981689453,47471900
2023-07-27,191.30458068847656,193.22000122070312,197.1999969482422,192.5500030517578,196.02000427246094,47460200
2023-07-28,193.8887176513672,195.8300018310547,196.6300048828125,194.13999938964844,194.6699981689453,48291400
2023-07-31,194.50259399414062,196.4499969482422,196.49000549316406,195.25999450683594,196.05999755859375,38824100
2023-08-01,193.67091369628906,195.61000061035156,196.72999572753906,195.27999877929688,196.24000549316406,35175100
2023-08-02,190.67095947265625,192.5800018310547,195.17999267578125,191.85000610351562,195.0399932861328,50389300
2023-08-03,189.27493286132812,191.1699981689453,192.3699951171875,190.69000244140625,191.57000732421875,61235200
2023-08-04,180.18592834472656,181.99000549316406,187.3800048828125,181.9199981689453,185.52000427246094,115799700
2023-08-07,177.0770721435547,178.85000610351562,183.1300048828125,177.35000610351562,182.1300048828125,97576100
2023-08-08,178.01763916015625,179.8000030517578,180.27000427246094,177.5800018310547,179.69000244140625,67823000
2023-08-09,176.423583984375,178.19000244140625,180.92999267578125,177.00999450683594,180.8699951171875,60378500
2023-08-10,176.20578002929688,177.97000122070312,180.75,177.60000610351562,179.47999572753906,54686900
2023-08-11,176.26527404785156,177.7899932861328,178.6199951171875,176.5500030517578,177.32000732421875,51988100
2023-08-14,177.9209442138672,179.4600067138672,179.69000244140625,177.30999755859375,177.97000122070312,43675600
2023-08-15,175.9281768798828,177.4499969482422,179.47999572753906,177.0500030517578,178.8800048828125,43622600
2023-08-16,175.0557403564453,176.57000732421875,178.5399932861328,176.5,177.1300048828125,46964900
2023-08-17,172.5077667236328,174.0,177.50999450683594,173.47999572753906,177.13999938964844,66062900
2023-08-18,172.99359130859375,174.49000549316406,175.10000610351562,171.9600067138672,172.3000030517578,61114200
2023-08-21,174.3319854736328,175.83999633789062,176.1300048828125,173.74000549316406,175.07000732421875,46311900
2023-08-22,175.7100830078125,177.22999572753906,177.67999267578125,176.25,177.05999755859375,42084200
2023-08-23,179.5667266845703,181.1199951171875,181.5500030517578,178.3300018310547,178.52000427246094,52722800
2023-08-24,174.86737060546875,176.3800048828125,181.10000610351562,176.00999450683594,180.6699981689453,54945800
2023-08-25,177.07821655273438,178.61000061035156,179.14999389648438,175.82000732421875,177.3800048828125,51449600
2023-08-28,178.6446990966797,180.19000244140625,180.58999633789062,178.5500030517578,180.08999633789062,43820700
2023-08-29,182.5409698486328,184.1199951171875,184.89999389648438,179.5,179.6999969482422,53003900
2023-08-30,186.0406951904297,187.64999389648438,187.85000610351562,184.74000549316406,184.94000244140625,60813900
2023-08-31,186.2587890625,187.8699951171875,189.1199951171875,187.47999572753906,187.83999633789062,60794500
2023-09-01,187.83518981933594,189.4600067138672,189.9199981689453,188.27999877929688,189.49000549316406,45732600
2023-09-05,188.0731201171875,189.6999969482422,189.97999572753906,187.61000061035156,188.27999877929688,45280000
2023-09-06,181.3413543701172,182.91000366210938,188.85000610351562,181.47000122070312,188.39999389648438,81755800
2023-09-07,176.03724670410156,177.55999755859375,178.2100067138672,173.5399932861328,175.17999267578125,112488800
2023-09-08,176.6519012451172,178.17999267578125,180.24000549316406,177.7899932861328,178.35000610351562,65551300
2023-09-11,177.82180786132812,179.36000061035156,180.3000030517578,177.33999633789062,180.07000732421875,58953100
2023-09-12,174.78805541992188,176.3000030517578,180.1300048828125,174.82000732421875,179.49000549316406,90370200
2023-09-13,172.71597290039062,174.2100067138672,177.3000030517578,173.97999572753906,176.50999450683594,84267900
2023-09-14,174.23284912109375,175.74000549316406,176.10000610351562,173.5800018310547,174.0,60895800
2023-09-15,173.50909423828125,175.00999450683594,176.5,173.82000732421875,176.47999572753906,109205100
2023-09-18,176.4437255859375,177.97000122070312,179.3800048828125,176.1699981689453,176.47999572753906,67257600
2023-09-19,177.5343017578125,179.07000732421875,179.6300048828125,177.1300048828125,177.52000427246094,51826900
2023-09-20,173.98497009277344,175.49000549316406,179.6999969482422,175.39999389648438,179.25999450683594,58436200
2023-09-21,172.43836975097656,173.92999267578125,176.3000030517578,173.86000061035156,174.5500030517578,63047900
2023-09-22,173.29098510742188,174.7899932861328,177.0800018310547,174.0500030517578,174.6699981689453,56725400
2023-09-25,174.56993103027344,176.0800018310547,176.97000122070312,174.14999389648438,174.1999969482422,46172700
2023-09-26,170.4852752685547,171.9600067138672,175.1999969482422,171.66000366210938,174.82000732421875,64588900
2023-09-27,168.96836853027344,170.42999267578125,173.0399932861328,169.0500030517578,172.6199951171875,66921800
2023-09-28,169.2261505126953,170.69000244140625,172.02999877929688,167.6199951171875,169.33999633789062,56294400
2023-09-29,169.74169921875,171.2100067138672,173.07000732421875,170.33999633789062,172.02000427246094,51814200
2023-10-02,172.25990295410156,173.75,174.3000030517578,170.92999267578125,171.22000122070312,52164500
2023-10-03,170.9214630126953,172.39999389648438,173.6300048828125,170.82000732421875,172.25999450683594,49594600
2023-10-04,172.1707000732422,173.66000366210938,174.2100067138672,170.97000122070312,171.08999633789062,53020300
2023-10-05,173.4099884033203,174.91000366210938,175.4499969482422,172.67999267578125,173.7899932861328,48527900
2023-10-06,175.9678497314453,177.49000549316406,177.99000549316406,173.17999267578125,173.8000030517578,57224100
2023-10-09,177.4550018310547,178.99000549316406,179.0500030517578,175.8000030517578,176.80999755859375,42390800
2023-10-10,176.86012268066406,178.38999938964844,179.72000122070312,177.9499969482422,178.10000610351562,43698000
2023-10-11,178.25802612304688,179.8000030517578,179.85000610351562,177.60000610351562,178.1999969482422,47551100
2023-10-12,179.1602325439453,180.7100067138672,182.33999633789062,179.0399932861328,180.07000732421875,56743100
2023-10-13,177.31619262695312,178.85000610351562,181.92999267578125,178.13999938964844,181.4199981689453,51427100
2023-10-16,177.1873016357422,178.72000122070312,179.0800018310547,176.50999450683594,176.75,52517000
2023-10-17,175.63076782226562,177.14999389648438,178.4199981689453,174.8000030517578,176.64999389648438,57549400
2023-10-18,174.3319854736328,175.83999633789062,177.5800018310547,175.11000061035156,175.5800018310547,54764400
2023-10-19,173.95526123046875,175.4600067138672,177.83999633789062,175.19000244140625,176.0399932861328,59302900
2023-10-20,171.3973846435547,172.8800048828125,175.4199981689453,172.63999938964844,175.30999755859375,64189300
2023-10-23,171.51634216308594,173.0,174.00999450683594,169.92999267578125,170.91000366210938,55980100
2023-10-24,171.95257568359375,173.44000244140625,173.6699981689453,171.4499969482422,173.0500030517578,43816600
2023-10-25,169.63265991210938,171.10000610351562,173.05999755859375,170.64999389648438,171.8800048828125,57157000
2023-10-26,165.458740234375,166.88999938964844,171.3800048828125,165.6699981689453,170.3699951171875,70625300
2023-10-27,166.77734375,168.22000122070312,168.9600067138672,166.8300018310547,166.91000366210938,58499100
2023-10-30,168.82955932617188,170.2899932861328,171.1699981689453,168.8699951171875,169.02000427246094,51131000
2023-10-31,169.30548095703125,170.77000427246094,170.89999389648438,167.89999389648438,169.35000610351562,44846000
2023-11-01,172.47804260253906,173.97000122070312,174.22999572753906,170.1199951171875,171.0,56934900
2023-11-02,176.0471649169922,177.57000732421875,177.77999877929688,175.4600067138672,175.52000427246094,77334800
2023-11-03,175.13504028320312,176.64999389648438,176.82000732421875,173.35000610351562,174.24000549316406,79763700
2023-11-06,177.69293212890625,179.22999572753906,179.42999267578125,176.2100067138672,176.3800048828125,63841300
2023-11-07,180.26072692871094,181.82000732421875,182.44000244140625,178.97000122070312,179.17999267578125,70530000
2023-11-08,181.32151794433594,182.88999938964844,183.4499969482422,181.58999633789062,182.35000610351562,49340300
2023-11-09,180.84564208984375,182.41000366210938,184.1199951171875,181.80999755859375,182.9600067138672,53763500
2023-11-10,185.04489135742188,186.39999389648438,186.57000732421875,183.52999877929688,183.97000122070312,66133400
2023-11-13,183.45652770996094,184.8000030517578,186.02999877929688,184.2100067138672,185.82000732421875,43627500
2023-11-14,186.0773162841797,187.44000244140625,188.11000061035156,186.3000030517578,187.6999969482422,60108400
2023-11-15,186.64317321777344,188.00999450683594,189.5,187.77999877929688,187.85000610351562,53790500
2023-11-16,188.33084106445312,189.7100067138672,190.9600067138672,188.64999389648438,189.57000732421875,54412900
2023-11-17,188.3109893798828,189.69000244140625,190.3800048828125,188.57000732421875,190.25,50922700
2023-11-20,190.05816650390625,191.4499969482422,191.91000366210938,189.8800048828125,189.88999938964844,46505100
2023-11-21,189.2540740966797,190.63999938964844,191.52000427246094,189.74000549316406,191.41000366210938,38134500
2023-11-22,189.919189453125,191.30999755859375,192.92999267578125,190.8300018310547,191.49000549316406,39617700
2023-11-24,188.5889434814453,189.97000122070312,190.89999389648438,189.25,190.8699951171875,24048300
2023-11-27,188.4102325439453,189.7899932861328,190.6699981689453,188.89999389648438,189.9199981689453,40552600
2023-11-28,189.0157928466797,190.39999389648438,191.0800018310547,189.39999389648438,189.77999877929688,38415400
2023-11-29,187.99330139160156,189.3699951171875,192.08999633789062,188.97000122070312,190.89999389648438,43014200
2023-11-30,188.569091796875,189.9499969482422,190.32000732421875,188.19000244140625,189.83999633789062,48794400
2023-12-01,189.84971618652344,191.24000549316406,191.55999755859375,189.22999572753906,190.3300018310547,45679300
2023-12-04,188.05287170410156,189.42999267578125,190.0500030517578,187.4499969482422,189.97999572753906,43389500
2023-12-05,192.01385498046875,193.4199981689453,194.39999389648438,190.17999267578125,190.2100067138672,66628400
2023-12-06,190.921875,192.32000732421875,194.75999450683594,192.11000061035156,194.4499969482422,41089700
2023-12-07,192.857666015625,194.27000427246094,195.0,193.58999633789062,193.6300048828125,47477700
2023-12-08,194.2872314453125,195.7100067138672,195.99000549316406,193.6699981689453,194.1999969482422,53377300
2023-12-11,191.7755889892578,193.17999267578125,193.49000549316406,191.4199981689453,193.11000061035156,60943700
2023-12-12,193.2944793701172,194.7100067138672,194.72000122070312,191.72000122070312,193.0800018310547,52696900
2023-12-13,196.52084350585938,197.9600067138672,198.0,194.85000610351562,195.08999633789062,70404200
2023-12-14,196.66976928710938,198.11000061035156,199.6199951171875,196.16000366210938,198.02000427246094,66831600
2023-12-15,196.13369750976562,197.57000732421875,198.39999389648438,197.0,197.52999877929688,128256700
2023-12-18,194.4658966064453,195.88999938964844,196.6300048828125,194.38999938964844,196.08999633789062,55751900
2023-12-19,195.5082550048828,196.94000244140625,196.9499969482422,195.88999938964844,196.16000366210938,40714100
2023-12-20,193.41360473632812,194.8300018310547,197.67999267578125,194.8300018310547,196.89999389648438,52242800
2023-12-21,193.2646942138672,194.67999267578125,197.0800018310547,193.5,196.10000610351562,46482500
2023-12-22,192.1925506591797,193.60000610351562,195.41000366210938,192.97000122070312,195.17999267578125,37122800
2023-12-26,191.6465606689453,193.0500030517578,193.88999938964844,192.8300018310547,193.61000061035156,28919300
2023-12-27,191.74581909179688,193.14999389648438,193.5,191.08999633789062,192.49000549316406,48087700
2023-12-28,192.17269897460938,193.5800018310547,194.66000366210938,193.1699981689453,194.13999938964844,34049900
2023-12-29,191.13034057617188,192.52999877929688,194.39999389648438,191.72999572753906,193.89999389648438,42628800
2024-01-02,184.29042053222656,185.63999938964844,188.44000244140625,183.88999938964844,187.14999389648438,82488700
2024-01-03,182.9105224609375,184.25,185.8800048828125,183.42999267578125,184.22000122070312,58414500
2024-01-04,180.58753967285156,181.91000366210938,183.08999633789062,180.8800048828125,182.14999389648438,71983600
2024-01-05,179.86282348632812,181.17999267578125,182.75999450683594,180.1699981689453,181.99000549316406,62303300
2024-01-08,184.21099853515625,185.55999755859375,185.60000610351562,181.5,182.08999633789062,59144500
2024-01-09,183.7940673828125,185.13999938964844,185.14999389648438,182.72999572753906,183.9199981689453,42841800
2024-01-10,184.83642578125,186.19000244140625,186.39999389648438,183.9199981689453,184.35000610351562,46792900
2024-01-11,184.24078369140625,185.58999633789062,187.0500030517578,183.6199951171875,186.5399932861328,49128400
2024-01-12,184.56838989257812,185.9199981689453,186.74000549316406,185.19000244140625,186.05999755859375,40444700
2024-01-16,182.29502868652344,183.6300048828125,184.25999450683594,180.92999267578125,182.16000366210938,65603000
2024-01-17,181.35194396972656,182.67999267578125,182.92999267578125,180.3000030517578,181.27000427246094,47317400
2024-01-18,187.25868225097656,188.6300048828125,189.13999938964844,185.8300018310547,186.08999633789062,78005800
2024-01-19,190.16737365722656,191.55999755859375,191.9499969482422,188.82000732421875,189.3300018310547,68741000
2024-01-22,192.48045349121094,193.88999938964844,195.3300018310547,192.25999450683594,192.3000030517578,60133900
2024-01-23,193.7610626220703,195.17999267578125,195.75,193.8300018310547,195.02000427246094,42355600
2024-01-24,193.08599853515625,194.5,196.3800048828125,194.33999633789062,195.4199981689453,53631300
2024-01-25,192.7584228515625,194.1699981689453,196.27000427246094,193.11000061035156,195.22000122070312,54822100
2024-01-26,191.0211181640625,192.4199981689453,194.75999450683594,191.94000244140625,194.27000427246094,44594000
2024-01-29,190.3361358642578,191.72999572753906,192.1999969482422,189.5800018310547,192.00999450683594,47145600
2024-01-30,186.67295837402344,188.0399932861328,191.8000030517578,187.47000122070312,190.94000244140625,55859400
2024-01-31,183.05943298339844,184.39999389648438,187.10000610351562,184.35000610351562,187.0399932861328,55467800
2024-02-01,185.50155639648438,186.86000061035156,186.9499969482422,183.82000732421875,183.99000549316406,64885400
2024-02-02,184.4989013671875,185.85000610351562,187.3300018310547,179.25,179.86000061035156,102518000
2024-02-05,186.31558227539062,187.67999267578125,189.25,185.83999633789062,188.14999389648438,69668800
2024-02-06,187.92381286621094,189.3000030517578,189.30999755859375,186.77000427246094,186.86000061035156,43490800
2024-02-07,188.0330047607422,189.41000366210938,191.0500030517578,188.61000061035156,190.63999938964844,53439000
2024-02-08,186.95094299316406,188.32000732421875,189.5399932861328,187.35000610351562,189.38999938964844,40962000
2024-02-09,187.71630859375,188.85000610351562,189.99000549316406,188.0,188.64999389648438,45155200
2024-02-12,186.02650451660156,187.14999389648438,188.6699981689453,186.7899932861328,188.4199981689453,41781900
2024-02-13,183.92916870117188,185.0399932861328,186.2100067138672,183.50999450683594,185.77000427246094,56529500
2024-02-14,183.04452514648438,184.14999389648438,185.52999877929688,182.44000244140625,185.32000732421875,54630500
2024-02-15,182.75628662109375,183.86000061035156,184.49000549316406,181.35000610351562,183.5500030517578,65434500
2024-02-16,181.215576171875,182.30999755859375,184.85000610351562,181.6699981689453,183.4199981689453,49701400
2024-02-20,180.47006225585938,181.55999755859375,182.42999267578125,180.0,181.7899932861328,53665600
2024-02-21,181.2255096435547,182.32000732421875,182.88999938964844,180.66000366210938,181.94000244140625,41529700
2024-02-22,183.26319885253906,184.3699951171875,184.9600067138672,182.4600067138672,183.47999572753906,52292200
2024-02-23,181.42431640625,182.52000427246094,185.0399932861328,182.22999572753906,185.00999450683594,45119700
2024-02-26,180.07247924804688,181.16000366210938,182.75999450683594,180.64999389648438,182.24000549316406,40867400
2024-02-27,181.53366088867188,182.6300048828125,183.9199981689453,179.55999755859375,181.10000610351562,54318900
2024-02-28,180.33091735839844,181.4199981689453,183.1199951171875,180.1300048828125,182.50999450683594,48953900
2024-02-29,179.66494750976562,180.75,182.57000732421875,179.52999877929688,181.27000427246094,136682600
2024-03-01,178.58148193359375,179.66000366210938,180.52999877929688,177.3800048828125,179.5500030517578,73488000
2024-03-04,174.04885864257812,175.10000610351562,176.89999389648438,173.7899932861328,176.14999389648438,81510100
2024-03-05,169.09873962402344,170.1199951171875,172.0399932861328,169.6199951171875,170.75999450683594,95132400
2024-03-06,168.10475158691406,169.1199951171875,171.24000549316406,168.67999267578125,171.05999755859375,68587700
2024-03-07,167.9854736328125,169.0,170.72999572753906,168.49000549316406,169.14999389648438,71765100
2024-03-08,169.70509338378906,170.72999572753906,173.6999969482422,168.94000244140625,169.0,76114600
2024-03-11,171.71295166015625,172.75,174.3800048828125,172.0500030517578,172.94000244140625,60139500
2024-03-12,172.19007873535156,173.22999572753906,174.02999877929688,171.00999450683594,173.14999389648438,59825400
2024-03-13,170.10269165039062,171.1300048828125,173.19000244140625,170.75999450683594,172.77000427246094,52488700
2024-03-14,171.96145629882812,173.0,174.30999755859375,172.0500030517578,172.91000366210938,72913500
2024-03-15,171.58372497558594,172.6199951171875,172.6199951171875,170.2899932861328,171.1699981689453,121664700
2024-03-18,172.67715454101562,173.72000122070312,177.7100067138672,173.52000427246094,175.57000732421875,75604200
2024-03-19,175.02296447753906,176.0800018310547,176.61000061035156,173.02999877929688,174.33999633789062,55215200
2024-03-20,177.59742736816406,178.6699981689453,178.6699981689453,175.08999633789062,175.72000122070312,53423100
2024-03-21,170.3412628173828,171.3699951171875,177.49000549316406,170.83999633789062,177.0500030517578,106181300
2024-03-22,171.24578857421875,172.27999877929688,173.0500030517578,170.05999755859375,171.75999450683594,71106600
2024-03-25,169.82437133789062,170.85000610351562,171.94000244140625,169.4499969482422,170.57000732421875,54288300
2024-03-26,168.69122314453125,169.7100067138672,171.4199981689453,169.5800018310547,170.0,57388400
2024-03-27,172.26959228515625,173.30999755859375,173.60000610351562,170.11000061035156,170.41000366210938,60273300
2024-03-28,170.45057678222656,171.47999572753906,172.22999572753906,170.50999450683594,171.75,65672700
2024-04-01,169.00929260253906,170.02999877929688,171.25,169.47999572753906,171.19000244140625,46240500
2024-04-02,167.82643127441406,168.83999633789062,169.33999633789062,168.22999572753906,169.0800018310547,49329500
2024-04-03,168.63156127929688,169.64999389648438,170.67999267578125,168.5800018310547,168.7899932861328,47691700
2024-04-04,167.80654907226562,168.82000732421875,171.9199981689453,168.82000732421875,170.2899932861328,53704400
2024-04-05,168.56198120117188,169.5800018310547,170.38999938964844,168.9499969482422,169.58999633789062,42055200
2024-04-08,167.43875122070312,168.4499969482422,169.1999969482422,168.24000549316406,169.02999877929688,37425500
2024-04-09,168.65145874023438,169.6699981689453,170.0800018310547,168.35000610351562,168.6999969482422,42451200
2024-04-10,166.77279663085938,167.77999877929688,169.08999633789062,167.11000061035156,168.8000030517578,49709300
2024-04-11,173.9892120361328,175.0399932861328,175.4600067138672,168.16000366210938,168.33999633789062,91070300
2024-04-12,175.4901580810547,176.5500030517578,178.36000061035156,174.2100067138672,174.25999450683594,101593300
2024-04-15,171.6533203125,172.69000244140625,176.6300048828125,172.5,175.36000061035156,73531800
2024-04-16,168.3632049560547,169.3800048828125,173.75999450683594,168.27000427246094,171.75,73711200
2024-04-17,166.99147033691406,168.0,170.64999389648438,168.0,169.61000061035156,50901200
2024-04-18,166.0372314453125,167.0399932861328,168.63999938964844,166.5500030517578,168.02999877929688,43122900
2024-04-19,164.00946044921875,165.0,166.39999389648438,164.0800018310547,166.2100067138672,67772100
2024-04-22,164.8444366455078,165.83999633789062,167.25999450683594,164.77000427246094,165.52000427246094,48116400
2024-04-23,165.89805603027344,166.89999389648438,167.0500030517578,164.9199981689453,165.35000610351562,49537800
2024-04-24,168.00534057617188,169.02000427246094,169.3000030517578,166.2100067138672,166.5399932861328,48251800
2024-04-25,168.87013244628906,169.88999938964844,170.61000061035156,168.14999389648438,169.52999877929688,50558300
2024-04-26,168.28366088867188,169.3000030517578,171.33999633789062,169.17999267578125,169.8800048828125,44838400
2024-04-29,172.4584503173828,173.5,176.02999877929688,173.10000610351562,173.3699951171875,68169400
2024-04-30,169.30747985839844,170.3300018310547,174.99000549316406,170.0,173.3300018310547,65934800
2024-05-01,168.28366088867188,169.3000030517578,172.7100067138672,169.11000061035156,169.5800018310547,50383100
2024-05-02,171.99127197265625,173.02999877929688,173.4199981689453,170.88999938964844,172.50999450683594,94214900
2024-05-03,182.27914428710938,183.3800048828125,187.0,182.66000366210938,186.64999389648438,163224100
2024-05-06,180.61917114257812,181.7100067138672,184.1999969482422,180.4199981689453,182.35000610351562,78569700
2024-05-07,181.30502319335938,182.39999389648438,184.89999389648438,181.32000732421875,183.4499969482422,77305800
2024-05-08,181.6429901123047,182.74000549316406,183.07000732421875,181.4499969482422,182.85000610351562,45057100
2024-05-09,183.46202087402344,184.57000732421875,184.66000366210938,182.11000061035156,182.55999755859375,48983000
2024-05-10,182.1979217529297,183.0500030517578,185.08999633789062,182.1300048828125,184.89999389648438,50759500
2024-05-13,185.4128875732422,186.27999877929688,187.10000610351562,184.6199951171875,185.44000244140625,72044800
2024-05-14,186.55752563476562,187.42999267578125,188.3000030517578,186.2899932861328,187.50999450683594,52393600
2024-05-15,188.8368682861328,189.72000122070312,190.64999389648438,187.3699951171875,187.91000366210938,70400000
2024-05-16,188.95631408691406,189.83999633789062,191.10000610351562,189.66000366210938,190.47000122070312,52845200
2024-05-17,188.98617553710938,189.8699951171875,190.80999755859375,189.17999267578125,189.50999450683594,41282900
2024-05-20,190.15072631835938,191.0399932861328,191.9199981689453,189.00999450683594,189.3300018310547,44361300
2024-05-21,191.4546356201172,192.35000610351562,192.72999572753906,190.9199981689453,191.08999633789062,42309400
2024-05-22,190.01136779785156,190.89999389648438,192.82000732421875,190.27000427246094,192.27000427246094,34648500
2024-05-23,186.0100860595703,186.8800048828125,191.0,186.6300048828125,190.97999572753906,51005900
2024-05-24,189.0956573486328,189.97999572753906,190.5800018310547,188.0399932861328,188.82000732421875,36294600
2024-05-28,189.10562133789062,189.99000549316406,193.0,189.10000610351562,191.50999450683594,52280100
2024-05-29,189.4042205810547,190.2899932861328,192.25,189.50999450683594,189.61000061035156,53068000
2024-05-30,190.39956665039062,191.2899932861328,192.17999267578125,190.6300048828125,190.75999450683594,49947900
2024-05-31,191.3551025390625,192.25,192.57000732421875,189.91000366210938,191.44000244140625,75158300
2024-06-03,193.12681579589844,194.02999877929688,194.99000549316406,192.52000427246094,192.89999389648438,50080500
2024-06-04,193.44532775878906,194.35000610351562,195.32000732421875,193.02999877929688,194.63999938964844,47471400
2024-06-05,194.95823669433594,195.8699951171875,196.89999389648438,194.8699951171875,195.39999389648438,54156800
2024-06-06,193.57470703125,194.47999572753906,196.5,194.1699981689453,195.69000244140625,41181800
2024-06-07,195.97349548339844,196.88999938964844,196.94000244140625,194.13999938964844,194.64999389648438,53103900
2024-06-10,192.22103881835938,193.1199951171875,197.3000030517578,192.14999389648438,196.89999389648438,97262100
2024-06-11,206.18572998046875,207.14999389648438,207.16000366210938,193.6300048828125,193.64999389648438,172373300
2024-06-12,212.0782012939453,213.07000732421875,220.1999969482422,206.89999389648438,207.3699951171875,198134300
2024-06-13,213.24273681640625,214.24000549316406,216.75,211.60000610351562,214.74000549316406,97862700
2024-06-14,211.50086975097656,212.49000549316406,215.1699981689453,211.3000030517578,213.85000610351562,70122700
2024-06-17,215.6614227294922,216.6699981689453,218.9499969482422,212.72000122070312,213.3699951171875,93728300
2024-06-18,213.29248046875,214.2899932861328,218.6300048828125,213.0,217.58999633789062,79943300
2024-06-20,208.70396423339844,209.67999267578125,214.24000549316406,208.85000610351562,213.92999267578125,86172500
2024-06-21,206.52415466308594,207.49000549316406,211.88999938964844,207.11000061035156,210.38999938964844,246421400
2024-06-24,207.17111206054688,208.13999938964844,212.6999969482422,206.58999633789062,207.72000122070312,80727000
2024-06-25,208.09681701660156,209.07000732421875,211.3800048828125,208.61000061035156,209.14999389648438,56713900
2024-06-26,212.25733947753906,213.25,214.86000061035156,210.63999938964844,211.5,66213200
2024-06-27,213.1033935546875,214.10000610351562,215.74000549316406,212.35000610351562,214.69000244140625,49772700
2024-06-28,209.6395721435547,210.6199951171875,216.07000732421875,210.3000030517578,215.77000427246094,82542700
2024-07-01,215.7410430908203,216.75,217.50999450683594,211.9199981689453,212.08999633789062,60402900
2024-07-02,219.24465942382812,220.27000427246094,220.3800048828125,215.10000610351562,216.14999389648438,58046200
2024-07-03,220.51870727539062,221.5500030517578,221.5500030517578,219.02999877929688,220.0,37369800
2024-07-05,225.28640747070312,226.33999633789062,226.4499969482422,221.64999389648438,221.64999389648438,60412400
2024-07-08,226.75953674316406,227.82000732421875,227.85000610351562,223.25,227.08999633789062,59085900
2024-07-09,227.61550903320312,228.67999267578125,229.39999389648438,226.3699951171875,227.92999267578125,48076100
2024-07-10,231.8955078125,232.97999572753906,233.0800018310547,229.25,229.3000030517578,62627700
2024-07-11,226.5106964111328,227.57000732421875,232.38999938964844,225.77000427246094,231.38999938964844,64710600
2024-07-12,229.4668426513672,230.5399932861328,232.63999938964844,228.67999267578125,228.9199981689453,53046500
2024-07-15,233.3088836669922,234.39999389648438,237.22999572753906,233.08999633789062,236.47999572753906,62631300
2024-07-16,233.72695922851562,234.82000732421875,236.27000427246094,232.3300018310547,235.0,43234300
2024-07-17,227.81460571289062,228.8800048828125,231.4600067138672,226.63999938964844,229.4499969482422,57345900
2024-07-18,223.13644409179688,224.17999267578125,230.44000244140625,222.27000427246094,230.27999877929688,66034600
2024-07-19,223.26585388183594,224.30999755859375,226.8000030517578,223.27999877929688,224.82000732421875,49151500
2024-07-22,222.91748046875,223.9600067138672,227.77999877929688,223.08999633789062,227.00999450683594,48201800
2024-07-23,223.9626007080078,225.00999450683594,226.94000244140625,222.67999267578125,224.3699951171875,39960300
2024-07-24,217.522705078125,218.5399932861328,224.8000030517578,217.1300048828125,224.0,61777600
2024-07-25,216.47760009765625,217.49000549316406,220.85000610351562,214.6199951171875,218.92999267578125,51391200
2024-07-26,216.9454345703125,217.9600067138672,219.49000549316406,216.00999450683594,218.6999969482422,41601300
2024-07-29,217.22412109375,218.24000549316406,219.3000030517578,215.75,216.9600067138672,36311800
2024-07-30,217.78150939941406,218.8000030517578,220.3300018310547,216.1199951171875,219.19000244140625,41643800
2024-07-31,221.04623413085938,222.0800018310547,223.82000732421875,220.6300048828125,221.44000244140625,50036300
2024-08-01,217.34356689453125,218.36000061035156,224.47999572753906,217.02000427246094,224.3699951171875,62501000
2024-08-02,218.83656311035156,219.86000061035156,225.60000610351562,217.7100067138672,219.14999389648438,105568600
2024-08-05,208.29586791992188,209.27000427246094,213.5,196.0,199.08999633789062,119548600
2024-08-06,206.26536560058594,207.22999572753906,209.99000549316406,201.07000732421875,205.3000030517578,69660500
2024-08-07,208.84332275390625,209.82000732421875,213.63999938964844,206.38999938964844,206.89999389648438,63516400
2024-08-08,212.31704711914062,213.30999755859375,214.1999969482422,208.8300018310547,213.11000061035156,47161100
2024-08-09,215.23342895507812,216.24000549316406,216.77999877929688,211.97000122070312,212.10000610351562,42201600
2024-08-12,216.7680206298828,217.52999877929688,219.50999450683594,215.60000610351562,216.07000732421875,38028100
2024-08-13,220.4949493408203,221.27000427246094,221.88999938964844,219.00999450683594,219.00999450683594,44155300
2024-08-14,220.94334411621094,221.72000122070312,223.02999877929688,219.6999969482422,220.57000732421875,41960600
2024-08-15,223.932861328125,224.72000122070312,225.35000610351562,222.75999450683594,224.60000610351562,46414000
2024-08-16,225.25819396972656,226.0500030517578,226.8300018310547,223.64999389648438,223.9199981689453,44340200
2024-08-19,225.0987548828125,225.88999938964844,225.99000549316406,223.0399932861328,225.72000122070312,40687800
2024-08-20,225.71656799316406,226.50999450683594,227.1699981689453,225.4499969482422,225.77000427246094,30299000
2024-08-21,225.60696411132812,226.39999389648438,227.97999572753906,225.0500030517578,226.52000427246094,34765500
2024-08-22,223.74349975585938,224.52999877929688,228.33999633789062,223.89999389648438,227.7899932861328,43695300
2024-08-23,226.04542541503906,226.83999633789062,228.22000122070312,224.3300018310547,225.66000366210938,38677300
2024-08-26,226.3842315673828,227.17999267578125,227.27999877929688,223.88999938964844,226.75999450683594,30602200
2024-08-27,227.23126220703125,228.02999877929688,228.85000610351562,224.88999938964844,226.0,35934600
2024-08-28,225.6966552734375,226.49000549316406,229.86000061035156,225.67999267578125,227.9199981689453,38052200
2024-08-29,228.98509216308594,229.7899932861328,232.9199981689453,228.8800048828125,230.10000610351562,51906300
2024-08-30,228.19784545898438,229.0,230.39999389648438,227.47999572753906,230.19000244140625,52990800
2024-09-03,221.98968505859375,222.77000427246094,229.0,221.1699981689453,228.5500030517578,50190600
2024-09-04,220.076416015625,220.85000610351562,221.77999877929688,217.47999572753906,221.66000366210938,43840200
2024-09-05,221.60105895996094,222.3800048828125,225.47999572753906,221.52000427246094,221.6300048828125,36615400
2024-09-06,220.0465087890625,220.82000732421875,225.24000549316406,219.77000427246094,223.9499969482422,48423000
2024-09-09,220.13619995117188,220.91000366210938,221.27000427246094,216.7100067138672,220.82000732421875,67180000
2024-09-10,219.3389892578125,220.11000061035156,221.47999572753906,216.72999572753906,218.9199981689453,51591000
2024-09-11,221.8800811767578,222.66000366210938,223.08999633789062,217.88999938964844,221.4600067138672,44587100
2024-09-12,221.98968505859375,222.77000427246094,223.5500030517578,219.82000732421875,222.5,37498200
2024-09-13,221.72061157226562,222.5,224.0399932861328,221.91000366210938,223.5800018310547,36766600
2024-09-16,215.56227111816406,216.32000732421875,217.22000122070312,213.9199981689453,216.5399932861328,59357400
2024-09-17,216.03062438964844,216.7899932861328,216.89999389648438,214.5,215.75,45519300
2024-09-18,219.91696166992188,220.69000244140625,222.7100067138672,217.5399932861328,217.5500030517578,59894900
2024-09-19,228.0683135986328,228.8699951171875,229.82000732421875,224.6300048828125,224.99000549316406,66781300
2024-09-20,227.40065002441406,228.1999969482422,233.08999633789062,227.6199951171875,229.97000122070312,318679900
2024-09-23,225.67672729492188,226.47000122070312,229.4499969482422,225.80999755859375,227.33999633789062,54146000
2024-09-24,226.57354736328125,227.3699951171875,229.35000610351562,225.72999572753906,228.64999389648438,43556100
2024-09-25,225.57705688476562,226.3699951171875,227.2899932861328,224.02000427246094,224.92999267578125,42308700
2024-09-26,226.72303771972656,227.52000427246094,228.5,225.41000366210938,227.3000030517578,36636700
2024-09-27,226.99208068847656,227.7899932861328,229.52000427246094,227.3000030517578,228.4600067138672,34026000
2024-09-30,232.183837890625,233.0,233.0,229.64999389648438,230.0399932861328,54541900
2024-10-01,225.4176483154297,226.2100067138672,229.64999389648438,223.74000549316406,229.52000427246094,63285000
2024-10-02,225.9856414794922,226.77999877929688,227.3699951171875,223.02000427246094,225.88999938964844,32880600
2024-10-03,224.8795166015625,225.6699981689453,226.80999755859375,223.32000732421875,225.13999938964844,34044200
2024-10-04,226.00555419921875,226.8000030517578,228.0,224.1300048828125,227.89999389648438,37245100
2024-10-07,220.91346740722656,221.69000244140625,225.69000244140625,221.3300018310547,224.5,39505400
2024-10-08,224.9791717529297,225.77000427246094,225.97999572753906,223.25,224.3000030517578,31855700
2024-10-09,228.7359619140625,229.5399932861328,229.75,224.8300018310547,225.22999572753906,33591100
2024-10-10,228.23770141601562,229.0399932861328,229.5,227.1699981689453,227.77999877929688,28183500
2024-10-11,226.75294494628906,227.5500030517578,229.41000366210938,227.33999633789062,229.3000030517578,31759200
2024-10-14,230.48980712890625,231.3000030517578,231.72999572753906,228.60000610351562,228.6999969482422,39882100
2024-10-15,233.03086853027344,233.85000610351562,237.49000549316406,232.3699951171875,233.61000061035156,64751400
2024-10-16,230.96812438964844,231.77999877929688,232.1199951171875,229.83999633789062,231.60000610351562,34082200
2024-10-17,231.33682250976562,232.14999389648438,233.85000610351562,230.52000427246094,233.42999267578125,32993800
2024-10-18,234.1768341064453,235.0,236.17999267578125,234.00999450683594,236.17999267578125,46431500
2024-10-21,235.65164184570312,236.47999572753906,236.85000610351562,234.4499969482422,234.4499969482422,36254500
2024-10-22,235.03382873535156,235.86000061035156,236.22000122070312,232.60000610351562,233.88999938964844,38846600
2024-10-23,229.95167541503906,230.75999450683594,235.13999938964844,227.75999450683594,234.0800018310547,52287000
2024-10-24,229.7623748779297,230.57000732421875,230.82000732421875,228.41000366210938,229.97999572753906,31109500
2024-10-25,230.59942626953125,231.41000366210938,233.22000122070312,229.57000732421875,229.74000549316406,38802300
2024-10-28,232.5824432373047,233.39999389648438,234.72999572753906,232.5500030517578,233.32000732421875,36087100
2024-10-29,232.85150146484375,233.6699981689453,234.3300018310547,232.32000732421875,233.10000610351562,35417200
2024-10-30,229.29400634765625,230.10000610351562,233.47000122070312,229.5500030517578,232.61000061035156,47070900
2024-10-31,225.11868286132812,225.91000366210938,229.8300018310547,225.3699951171875,229.33999633789062,64370100
2024-11-01,222.1291961669922,222.91000366210938,225.35000610351562,220.27000427246094,220.97000122070312,65276700
2024-11-04,221.23233032226562,222.00999450683594,222.7899932861328,219.7100067138672,220.99000549316406,44944500
2024-11-05,222.66729736328125,223.4499969482422,223.9499969482422,221.13999938964844,221.8000030517578,28111300
2024-11-06,221.93984985351562,222.72000122070312,226.07000732421875,221.19000244140625,222.61000061035156,54561100
2024-11-07,226.6831817626953,227.47999572753906,227.8800048828125,224.57000732421875,224.6300048828125,42137700
2024-11-08,226.41383361816406,226.9600067138672,228.66000366210938,226.41000366210938,227.1699981689453,38328800
2024-11-11,223.69039916992188,224.22999572753906,225.6999969482422,221.5,225.0,42005600
2024-11-12,223.69039916992188,224.22999572753906,225.58999633789062,223.36000061035156,224.5500030517578,40398300
2024-11-13,224.5782470703125,225.1199951171875,226.64999389648438,222.75999450683594,224.00999450683594,48566200
2024-11-14,227.67079162597656,228.22000122070312,228.8699951171875,225.0,225.02000427246094,44923900
2024-11-15,224.4585418701172,225.0,226.9199981689453,224.27000427246094,226.39999389648438,47923700
2024-11-18,227.4712677001953,228.02000427246094,229.74000549316406,225.1699981689453,225.25,44686000
2024-11-19,227.73065185546875,228.27999877929688,230.16000366210938,226.66000366210938,226.97999572753906,36211800
2024-11-20,228.44891357421875,229.0,229.92999267578125,225.88999938964844,228.05999755859375,35169600
2024-11-21,227.97007751464844,228.52000427246094,230.16000366210938,225.7100067138672,228.8800048828125,42108300
2024-11-22,229.3168182373047,229.8699951171875,230.72000122070312,228.05999755859375,228.05999755859375,38168300
2024-11-25,232.30960083007812,232.8699951171875,233.25,229.74000549316406,231.4600067138672,90152800
2024-11-26,234.49432373046875,235.05999755859375,235.57000732421875,233.3300018310547,233.3300018310547,45986200
2024-11-27,234.36463928222656,234.92999267578125,235.69000244140625,233.80999755859375,234.47000122070312,33498400
2024-11-29,236.7588653564453,237.3300018310547,237.80999755859375,233.97000122070312,234.80999755859375,28481400
2024-12-02,239.013427734375,239.58999633789062,240.7899932861328,237.16000366210938,237.27000427246094,48137100
2024-12-03,242.06607055664062,242.64999389648438,242.75999450683594,238.89999389648438,239.80999755859375,38861000
2024-12-04,242.42520141601562,243.00999450683594,244.11000061035156,241.25,242.8699951171875,44383900
2024-12-05,242.4551239013672,243.0399932861328,244.5399932861328,242.1300048828125,243.99000549316406,40033900
2024-12-06,242.25559997558594,242.83999633789062,244.6300048828125,242.0800018310547,242.91000366210938,36870600
2024-12-09,246.1562042236328,246.75,247.24000549316406,241.75,241.8300018310547,44649200
2024-12-10,247.1737518310547,247.77000427246094,248.2100067138672,245.33999633789062,246.88999938964844,36914800
2024-12-11,245.89683532714844,246.49000549316406,250.8000030517578,246.25999450683594,247.9600067138672,45205800
2024-12-12,247.36329650878906,247.9600067138672,248.74000549316406,245.67999267578125,246.88999938964844,32777500
2024-12-13,247.5328826904297,248.1300048828125,249.2899932861328,246.24000549316406,247.82000732421875,33155300
2024-12-16,250.43588256835938,251.0399932861328,251.3800048828125,247.64999389648438,247.99000549316406,51694800
2024-12-17,252.8699951171875,253.47999572753906,253.8300018310547,249.77999877929688,250.0800018310547,51356400
2024-12-18,247.4530792236328,248.0500030517578,254.27999877929688,247.74000549316406,252.16000366210938,56774100
2024-12-19,249.1888885498047,249.7899932861328,252.0,247.08999633789062,247.5,60882300
2024-12-20,253.87759399414062,254.49000549316406,255.0,245.69000244140625,248.0399932861328,147495300
2024-12-23,254.6557159423828,255.27000427246094,255.64999389648438,253.4499969482422,254.77000427246094,40858800
2024-12-24,257.57867431640625,258.20001220703125,258.2099914550781,255.2899932861328,255.49000549316406,23234700
2024-12-26,258.39666748046875,259.0199890136719,260.1000061035156,257.6300048828125,258.19000244140625,27237100
2024-12-27,254.9749298095703,255.58999633789062,258.70001220703125,253.05999755859375,257.8299865722656,42355300
2024-12-30,251.59307861328125,252.1999969482422,253.5,250.75,252.22999572753906,35557500
2024-12-31,249.81736755371094,250.4199981689453,253.27999877929688,249.42999267578125,252.44000244140625,39480700
2025-01-02,243.26319885253906,243.85000610351562,249.10000610351562,241.82000732421875,248.92999267578125,55740700
2025-01-03,242.7743682861328,243.36000061035156,244.17999267578125,241.88999938964844,243.36000061035156,40244100
2025-01-06,244.41041564941406,245.0,247.3300018310547,243.1999969482422,244.30999755859375,45045600
2025-01-07,241.62713623046875,242.2100067138672,245.5500030517578,241.35000610351562,242.97999572753906,40856000
2025-01-08,242.11595153808594,242.6999969482422,243.7100067138672,240.0500030517578,241.9199981689453,37628900
2025-01-10,236.28004455566406,236.85000610351562,240.16000366210938,233.0,240.00999450683594,61710900
2025-01-13,233.83592224121094,234.39999389648438,234.6699981689453,229.72000122070312,233.52999877929688,49630700
2025-01-14,232.71861267089844,233.27999877929688,236.1199951171875,232.47000122070312,234.75,39435300
2025-01-15,237.2975616455078,237.8699951171875,238.9600067138672,234.42999267578125,234.63999938964844,39832000
2025-01-16,227.710693359375,228.25999450683594,238.00999450683594,228.02999877929688,237.35000610351562,71759100
2025-01-17,229.4265594482422,229.97999572753906,232.2899932861328,228.47999572753906,232.1199951171875,68488300
2025-01-21,222.10421752929688,222.63999938964844,224.4199981689453,219.3800048828125,224.0,98070400
2025-01-22,223.29136657714844,223.8300018310547,224.1199951171875,219.7899932861328,219.7899932861328,64126500
2025-01-23,223.1217803955078,223.66000366210938,227.02999877929688,222.3000030517578,224.74000549316406,60234800
2025-01-24,222.24388122558594,222.77999877929688,225.6300048828125,221.41000366210938,224.77999877929688,54697900
2025-01-27,229.30685424804688,229.86000061035156,232.14999389648438,223.97999572753906,224.02000427246094,94863400
2025-01-28,237.68663024902344,238.25999450683594,240.19000244140625,230.80999755859375,230.85000610351562,75707600
2025-01-29,238.7839813232422,239.36000061035156,239.86000061035156,234.00999450683594,234.1199951171875,45486100
2025-01-30,237.0182342529297,237.58999633789062,240.7899932861328,237.2100067138672,238.6699981689453,55658300
2025-01-31,235.4320831298828,236.0,247.19000244140625,233.44000244140625,247.19000244140625,101075100
2025-02-03,227.46128845214844,228.00999450683594,231.8300018310547,225.6999969482422,229.99000549316406,73063300
2025-02-04,232.23977661132812,232.8000030517578,233.1300048828125,226.64999389648438,227.25,45067300
2025-02-05,231.91058349609375,232.47000122070312,232.6699981689453,228.27000427246094,228.52999877929688,39620300
2025-02-06,232.6587677001953,233.22000122070312,233.8000030517578,230.42999267578125,231.2899932861328,29925300
2025-02-07,227.08221435546875,227.6300048828125,234.0,227.25999450683594,232.60000610351562,39707200
2025-02-10,227.3518524169922,227.64999389648438,230.58999633789062,227.1999969482422,229.57000732421875,33115600
2025-02-11,232.3153533935547,232.6199951171875,235.22999572753906,228.1300048828125,228.1999969482422,53718400
2025-02-12,236.55978393554688,236.8699951171875,236.9600067138672,230.67999267578125,231.1999969482422,45243300
2025-02-13,241.21368408203125,241.52999877929688,242.33999633789062,235.57000732421875,236.91000366210938,53614100
2025-02-14,244.2796630859375,244.60000610351562,245.5500030517578,240.99000549316406,241.25,40896200
2025-02-18,244.14984130859375,244.47000122070312,245.17999267578125,241.83999633789062,244.14999389648438,48822500
2025-02-19,244.54930114746094,244.8699951171875,246.00999450683594,243.16000366210938,244.66000366210938,32204200
2025-02-20,245.508056640625,245.8300018310547,246.77999877929688,244.2899932861328,244.94000244140625,32316900
2025-02-21,245.22842407226562,245.5500030517578,248.69000244140625,245.22000122070312,245.9499969482422,53197400
2025-02-24,246.77639770507812,247.10000610351562,248.86000061035156,244.4199981689453,244.92999267578125,51326400
2025-02-25,246.71646118164062,247.0399932861328,250.0,244.91000366210938,248.0,48013300
2025-02-26,240.0452117919922,240.36000061035156,244.97999572753906,239.1300048828125,244.3300018310547,44433600
2025-02-27,236.98922729492188,237.3000030517578,242.4600067138672,237.05999755859375,239.41000366210938,41153600
2025-02-28,241.5232696533203,241.83999633789062,242.08999633789062,230.1999969482422,236.9499969482422,56833400
2025-03-03,237.71826171875,238.02999877929688,244.02999877929688,236.11000061035156,241.7899932861328,47184000
2025-03-04,235.6210174560547,235.92999267578125,240.07000732421875,234.67999267578125,237.7100067138672,53798100
2025-03-05,235.4312744140625,235.74000549316406,236.5500030517578,229.22999572753906,235.4199981689453,47227600
2025-03-06,235.0218048095703,235.3300018310547,237.86000061035156,233.16000366210938,234.44000244140625,45170400
2025-03-07,238.7569122314453,239.07000732421875,241.3699951171875,234.75999450683594,235.11000061035156,46273600
2025-03-10,227.1820831298828,227.47999572753906,236.16000366210938,224.22000122070312,235.5399932861328,72071200
2025-03-11,220.55078125,220.83999633789062,225.83999633789062,217.4499969482422,223.80999755859375,76137400
2025-03-12,216.69583129882812,216.97999572753906,221.75,214.91000366210938,220.13999938964844,62547500
2025-03-13,209.4053955078125,209.67999267578125,216.83999633789062,208.4199981689453,215.9499969482422,61368300
2025-03-14,213.21041870117188,213.49000549316406,213.9499969482422,209.5800018310547,211.25,60107600
2025-03-17,213.71974182128906,214.0,215.22000122070312,209.97000122070312,213.30999755859375,48073400
2025-03-18,212.4114532470703,212.69000244140625,215.14999389648438,211.49000549316406,214.16000366210938,42432400
2025-03-19,214.95811462402344,215.24000549316406,218.75999450683594,213.75,214.22000122070312,54385400
2025-03-20,213.81961059570312,214.10000610351562,217.49000549316406,212.22000122070312,213.99000549316406,48862900
2025-03-21,217.98414611816406,218.27000427246094,218.83999633789062,211.27999877929688,211.55999755859375,94127800
2025-03-24,220.44091796875,220.72999572753906,221.47999572753906,218.5800018310547,221.0,44299500
2025-03-25,223.45697021484375,223.75,224.10000610351562,220.0800018310547,220.77000427246094,34493600
2025-03-26,221.2398681640625,221.52999877929688,225.02000427246094,220.47000122070312,223.50999450683594,34466100
2025-03-27,223.5568389892578,223.85000610351562,224.99000549316406,220.55999755859375,221.38999938964844,37094800
2025-03-28,217.6146240234375,217.89999389648438,223.80999755859375,217.67999267578125,221.6699981689453,39818600
2025-03-31,221.83909606933594,222.1300048828125,225.6199951171875,216.22999572753906,217.00999450683594,65299300
2025-04-01,222.897705078125,223.19000244140625,223.67999267578125,218.89999389648438,219.80999755859375,36412700
2025-04-02,223.59678649902344,223.88999938964844,225.19000244140625,221.02000427246094,221.32000732421875,35905900
2025-04-03,202.9239044189453,203.19000244140625,207.49000549316406,201.25,205.5399932861328,103419000
2025-04-04,188.13330078125,188.3800048828125,199.8800048828125,187.33999633789062,193.88999938964844,125910900
2025-04-07,181.2223663330078,181.4600067138672,194.14999389648438,174.6199951171875,177.1999969482422,160466300
2025-04-08,172.19419860839844,172.4199981689453,190.33999633789062,169.2100067138672,186.6999969482422,120859500
2025-04-09,198.58958435058594,198.85000610351562,200.61000061035156,171.88999938964844,171.9499969482422,184395900
2025-04-10,190.17062377929688,190.4199981689453,194.77999877929688,183.0,189.07000732421875,121880000
2025-04-11,197.89048767089844,198.14999389648438,199.5399932861328,186.05999755859375,186.10000610351562,87435900
2025-04-14,202.25477600097656,202.52000427246094,212.94000244140625,201.16000366210938,211.44000244140625,101352900
2025-04-15,201.87527465820312,202.13999938964844,203.50999450683594,199.8000030517578,201.86000061035156,51343900
2025-04-16,194.0155792236328,194.27000427246094,200.6999969482422,192.3699951171875,198.36000061035156,59732400
2025-04-17,196.72203063964844,196.97999572753906,198.8300018310547,194.4199981689453,197.1999969482422,51334300
2025-04-21,192.9070281982422,193.16000366210938,193.8000030517578,189.80999755859375,193.27000427246094,46742500
2025-04-22,199.47842407226562,199.74000549316406,201.58999633789062,195.97000122070312,196.1199951171875,52976400
2025-04-23,204.33206176757812,204.60000610351562,208.0,202.8000030517578,206.0,52929200
2025-04-24,208.09710693359375,208.3699951171875,208.8300018310547,202.94000244140625,204.88999938964844,47311000
2025-04-25,209.00592041015625,209.27999877929688,209.75,206.1999969482422,206.3699951171875,38222300
2025-04-28,209.8647918701172,210.13999938964844,211.5,207.4600067138672,210.0,38743100
2025-04-29,210.9333953857422,211.2100067138672,212.24000549316406,208.3699951171875,208.69000244140625,36827600
2025-04-30,212.22171020507812,212.5,213.5800018310547,206.6699981689453,209.3000030517578,52286500
2025-05-01,213.04063415527344,213.32000732421875,214.55999755859375,208.89999389648438,209.0800018310547,57365700
2025-05-02,205.08106994628906,205.35000610351562,206.99000549316406,202.16000366210938,206.08999633789062,101010600
2025-05-05,198.62953186035156,198.88999938964844,204.10000610351562,198.2100067138672,203.10000610351562,69018500
2025-05-06,198.25001525878906,198.50999450683594,200.64999389648438,197.02000427246094,198.2100067138672,51216500
2025-05-07,195.99298095703125,196.25,199.44000244140625,193.25,199.1699981689453,68536700
2025-05-08,197.2313690185547,197.49000549316406,200.0500030517578,194.67999267578125,197.72000122070312,50478900
2025-05-09,198.27000427246094,198.52999877929688,200.5399932861328,197.5399932861328,199.0,36453900
2025-05-12,210.7899932861328,210.7899932861328,211.27000427246094,206.75,210.97000122070312,63775800
2025-05-13,212.92999267578125,212.92999267578125,213.39999389648438,209.0,210.42999267578125,51909300
2025-05-14,212.3300018310547,212.3300018310547,213.94000244140625,210.5800018310547,212.42999267578125,49325800
2025-05-15,211.4499969482422,211.4499969482422,212.9600067138672,209.5399932861328,210.9499969482422,45029500
2025-05-16,211.25999450683594,211.25999450683594,212.57000732421875,209.77000427246094,212.36000061035156,54737900
2025-05-19,208.77999877929688,208.77999877929688,209.47999572753906,204.25999450683594,207.91000366210938,46140500
2025-05-20,206.86000061035156,206.86000061035156,208.47000122070312,205.02999877929688,207.6699981689453,42496600
2025-05-21,202.08999633789062,202.08999633789062,207.0399932861328,200.7100067138672,205.1699981689453,59211800
2025-05-22,201.36000061035156,201.36000061035156,202.75,199.6999969482422,200.7100067138672,46742400
2025-05-23,195.27000427246094,195.27000427246094,197.6999969482422,193.4600067138672,193.6699981689453,78432900
2025-05-27,200.2100067138672,200.2100067138672,200.74000549316406,197.42999267578125,198.3000030517578,56288500
2025-05-28,200.4199981689453,200.4199981689453,202.72999572753906,199.89999389648438,200.58999633789062,45339700
2025-05-29,199.9499969482422,199.9499969482422,203.80999755859375,198.50999450683594,203.5800018310547,51396800
2025-05-30,200.85000610351562,200.85000610351562,201.9600067138672,196.77999877929688,199.3699951171875,70819900
